Date,BARRINGTON 3SW,CHICAGO BOTANIC GARDEN,CHICAGO MIDWAY AP,CHICAGO MIDWAY AP 3SW,CHICAGO NORTHERLY ISLAND,CHICAGO OHARE INTL AP,CHICAGO PALWAUKEE AP,LITTLE RED SCHOOL HOUSE,PARK FOREST
1/1/2013,19.5,23,20,19.5,20.5,18,17.5,M,27
1/2/2013,13,17.5,20.5,20.5,21.5,20,20,M,17.5
1/3/2013,18,23,24.5,24,25.5,23.5,24,M,18.5
1/4/2013,19,21.5,25.5,25,26.5,24.5,25,M,21.5
1/5/2013,23.5,27,31,30.5,31.5,28.5,29.5,M,24
1/6/2013,27.5,32.5,29.5,28.5,30.5,27,27.5,M,29
1/7/2013,22,26.5,29.5,28.5,30.5,28,29.5,M,24.5
1/8/2013,28,33,35,34.5,35,33,34,M,27
1/9/2013,33,36,40,40,43,38.5,37,M,34
1/10/2013,32.5,35.5,35.5,35,33.5,33.5,32.5,M,36.5
1/11/2013,35,38.5,49,48.5,46,47,46.5,M,39
1/12/2013,46,51,42.5,42.5,44,41.5,41.5,M,50
1/13/2013,36,39,23,23,24.5,22,21.5,M,39
1/14/2013,15.5,19,19,18.5,21,18.5,19,M,18.5
1/15/2013,16,19,23.5,22.5,26.5,21.5,21.5,M,17.5
1/16/2013,19,24,27.5,27.5,30.5,26,25.5,M,21
1/17/2013,25,30.5,26.5,26,31,26.5,26.5,M,26.5
1/18/2013,20,23,31,30.5,33,31,29.5,M,24.5
1/19/2013,29.5,31,38,37.5,40,37.5,36,M,30.5
1/20/2013,27,29.5,21,20.5,22.5,20.5,18.5,M,30.5
1/21/2013,13,15,9.5,9.5,11.5,10,7.5,M,17.5
1/22/2013,2,4.5,6,5.5,7,5,4,M,5.5
1/23/2013,3,6.5,15,15,15.5,16.5,13.5,M,5.5
1/24/2013,10,11,13.5,13,15.5,13,12,M,13
1/25/2013,9.5,14,24,24,23.5,23.5,22.5,M,14
1/26/2013,17,18.5,20.5,20,22,20.5,20,M,20
1/27/2013,17,20.5,31.5,31,31.5,30,29.5,M,21
1/28/2013,26.5,37.5,44.5,44,42.5,42.5,42,M,35.5
1/29/2013,44.5,48.5,51,50.5,48,51,51,M,49
1/30/2013,46.5,49,34.5,34.5,32.5,32.5,31.5,M,48
1/31/2013,25,25,13,12.5,14.5,13.5,12.5,M,31
2/1/2013,5.5,9.5,8.5,8.5,9,7,6.5,M,8.5
2/2/2013,8,12,17,17,18,15.5,15,M,10.5
2/3/2013,12,15.5,17,17,17.5,15,15.5,M,16
2/4/2013,15.5,20,23,23,24,20.5,20.5,M,16
2/5/2013,19,17,22,22,25,18.5,18.5,M,20.5
2/6/2013,15.5,18,28,27.5,31,23.5,22.5,M,22.5
2/7/2013,19,26,34,34,34,32.5,33,M,29
2/8/2013,26.5,29,29,29,31,28,28,M,33.5
2/9/2013,20,25.5,31,30.5,32,26,26,M,27.5
2/10/2013,26.5,29,42,42,42,39.5,38,M,31.5
2/11/2013,38,41.5,38,37,38.5,37,36.5,M,41
2/12/2013,27,29.5,27.5,27,27.5,25,24.5,M,29.5
2/13/2013,22.5,25,35,34.5,36,31.5,32,M,24.5
2/14/2013,31,31,36,35.5,38,36,35.5,M,34
2/15/2013,28,30.5,27.5,27,29,26.5,26,M,32.5
2/16/2013,18,21.5,17.5,16.5,18.5,16,16,M,22.5
2/17/2013,16,14.5,20.5,19.5,22.5,19.5,19.5,M,15
2/18/2013,18,24.5,41,41,41,39.5,40,M,20.5
2/19/2013,29.5,33.5,22,21,22.5,21,20.5,M,35
2/20/2013,10,12.5,17.5,17,18,16,16.5,M,12.5
2/21/2013,13.5,18,26.5,26,27,25.5,24,M,16
2/22/2013,23.5,28,29.5,29,29.5,29,30,M,26
2/23/2013,26.5,29.5,25.5,25,27,25,26,M,28
2/24/2013,19,23.5,28,28,31,28,27.5,M,21.5
2/25/2013,24.5,28.5,32.5,31.5,31,31.5,30.5,M,28.5
2/26/2013,29,34,34.5,34.5,33,34,34,M,31
2/27/2013,32.5,33.5,34,34,33.5,33,33,M,33.5
2/28/2013,31.5,34,32,31.5,32,31,31,M,32
3/1/2013,28.5,32,29.5,29.5,29.5,27.5,27,30,30
3/2/2013,23.5,27.5,26,25.5,26.5,24,23.5,27.5,26.5
3/3/2013,17,24,25.5,25,27.5,24.5,21.5,23.5,22.5
3/4/2013,20,22.5,28,27.5,29,26,24,26,24.5
3/5/2013,23,26,31,30.5,30.5,31,30.5,31.5,27
3/6/2013,29,30.5,31.5,32,32,31,30.5,31.5,29.5
3/7/2013,29,33,35.5,35.5,34,33,32,32,30.5
3/8/2013,26,30,33,33.5,32,29.5,30.5,33,29.5
3/9/2013,28.5,33,40,40,39,37,36,37,31.5
3/10/2013,38,41,48.5,48.5,45,45,45,41,38
3/11/2013,38.5,44,41,40.5,41.5,40.5,40,47,48
3/12/2013,32.5,35.5,32,31.5,32,31.5,30,39,37
3/13/2013,26.5,28.5,28.5,28,29,27.5,26,29.5,30.5
3/14/2013,25,26.5,30,29.5,31.5,30,29.5,26.5,27.5
3/15/2013,27.5,32,37,36.5,37.5,35.5,35.5,30.5,29.5
3/16/2013,34.5,37,33.5,33,32.5,32.5,31.5,33,36.5
3/17/2013,26.5,29,32,31.5,31,30.5,28.5,30.5,31
3/18/2013,27.5,32.5,29,28,29,28,27.5,35,32
3/19/2013,23.5,26,26,25.5,26,24.5,24,27.5,26.5
3/20/2013,20.5,23.5,20.5,20.5,21.5,19.5,19,25,24.5
3/21/2013,16,19.5,25,24.5,24,23.5,23,18.5,19
3/22/2013,21,24.5,30,30,29.5,30.5,28.5,24.5,23.5
3/23/2013,26,29.5,33,33,32.5,33,31,30,29
3/24/2013,29.5,32,34.5,34.5,33,34.5,34.5,37,36
3/25/2013,32,36,35.5,35.5,34,35,35,34,32
3/26/2013,32,34.5,37,36.5,36,36,36,33,32.5
3/27/2013,36,35.5,36.5,37,38,36.5,34,37,33.5
3/28/2013,32.5,34,39,38.5,39,39.5,36.5,35,33.5
3/29/2013,36,38.5,43,43,38.5,43.5,42,41.5,38
3/30/2013,39,39,45.5,45.5,44.5,43.5,43.5,41.5,42.5
3/31/2013,43,46.5,48.5,48,47.5,47.5,46.5,47,50
4/1/2013,41.5,42.5,35.5,35,35.5,35,34,M,44
4/2/2013,30.5,33,35.5,35,34.5,35,35,M,33
4/3/2013,32.5,33.5,34.5,34,35,34.5,32,M,34
4/4/2013,33,33,44,44,45,41.5,41.5,M,35
4/5/2013,42.5,46.5,42,42,41,40.5,40,M,44.5
4/6/2013,40,39.5,53,53,52,53,52.5,M,44.5
4/7/2013,54,55.5,50,50,48,49.5,49,M,57
4/8/2013,47,46,54,53.5,50.5,52.5,50.5,M,50.5
4/9/2013,49.5,50,50,49.5,42,47,44,M,55
4/10/2013,43,43,40,40,39.5,39.5,39,M,57.5
4/11/2013,38,39,44.5,44.5,44,42,40,M,41.5
4/12/2013,39,39.5,42,41.5,41.5,41,41,M,44.5
4/13/2013,37,39,40,40.5,39.5,39.5,39.5,M,39
4/14/2013,37.5,40,54.5,54.5,51,53.5,52,M,40
4/15/2013,48.5,52,55.5,55.5,55,55,56,M,56
4/16/2013,50.5,53.5,49,49,43.5,49,48,M,53
4/17/2013,47,45.5,47.5,47,45,45.5,44,M,47.5
4/18/2013,44,44,51.5,51,52.5,51,51.5,M,52.5
4/19/2013,48.5,50.5,36.5,36,37,36.5,36,M,49.5
4/20/2013,31.5,35.5,38,38,37.5,39,36.5,M,34
4/21/2013,37.5,40,43.5,43,42.5,41.5,42.5,M,37.5
4/22/2013,44.5,45.5,54.5,54,52,52.5,54,M,46.5
4/23/2013,57,56.5,49,48.5,48.5,48.5,48.5,M,53
4/24/2013,45,48,44,43.5,43,43.5,43.5,M,44.5
4/25/2013,43,44.5,46,45.5,46.5,44.5,45,M,42
4/26/2013,44,43,54,53,54.5,50.5,51.5,M,44
4/27/2013,54,59,57,56.5,52,55.5,55.5,M,53.5
4/28/2013,58.5,56.5,57.5,57.5,50,57,58,M,60.5
4/29/2013,58.5,55.5,63,62.5,60.5,60.5,60.5,M,58
4/30/2013,65.5,67,73,72.5,72.5,73,73.5,M,61
5/1/2013,72.5,74.5,74,73.5,64.5,70,66.5,M,70.5
5/2/2013,63,62.5,56.5,56.5,44,48.5,47,M,64.5
5/3/2013,47,45,45,45,44,44,44.5,M,48.5
5/4/2013,45,46,60.5,60.5,53.5,59.5,57,M,46.5
5/5/2013,58,54.5,59.5,59,52.5,58.5,56,M,60.5
5/6/2013,60,55.5,60.5,61,54,60.5,56,M,61
5/7/2013,59.5,52,62.5,62,55.5,61.5,58.5,M,59
5/8/2013,61,56.5,61.5,63.5,55.5,63.5,62,M,61.5
5/9/2013,66,59,63,62.5,60,60.5,58.5,M,64.5
5/10/2013,56.5,56.5,47,46.5,45,45.5,45.5,M,63
5/11/2013,43,46.5,53,52,52,51.5,50.5,M,47.5
5/12/2013,45.5,48.5,46.5,46.5,45.5,46,46.5,M,49
5/13/2013,43.5,45.5,49.5,49.5,49,50,47.5,M,44
5/14/2013,54,52.5,73.5,73.5,69.5,70.5,68.5,M,49
5/15/2013,74,74.5,72.5,72.5,67,72,69.5,M,71.5
5/16/2013,68.5,66.5,69,69,62,68,67.5,M,68.5
5/17/2013,M,65,65.5,65,55,62.5,59,M,70
5/18/2013,58.5,56.5,69,68,59.5,68,65.5,M,69
5/19/2013,64.5,65,74.5,73.5,66.5,72,72.5,M,71.5
5/20/2013,67.5,74,78.5,78,77,77,78,M,79
5/21/2013,72.5,76.5,73.5,73,70,72.5,73,M,76.5
5/22/2013,70.5,73.5,64.5,64,61,62.5,62.5,M,71
5/23/2013,59,58.5,49.5,49,M,48,48,M,61.5
5/24/2013,44.5,46,49.5,48.5,M,49,47.5,M,45
5/25/2013,49,46,51.5,52,48,50.5,49.5,M,49
5/26/2013,48.5,48,56.5,56.5,53.5,56,54,M,53
5/27/2013,54,57,60.5,61,55,57.5,54.5,M,61.5
5/28/2013,58,58.5,67.5,67.5,65,66,65.5,M,60
5/29/2013,67.5,71.5,75,75.5,71.5,74,75,M,69.5
5/30/2013,72,74.5,74.5,74,72,73.5,74.5,M,74
5/31/2013,71,73.5,71.5,71,70,70.5,71.5,M,73
6/1/2013,69,73,69.5,69.5,67,69.5,69.5,71.5,69.5
6/2/2013,64,63.5,55,54,56,53,52.5,68,62.5
6/3/2013,48.5,45.5,55.5,55,53.5,55.5,54.5,52.5,51
6/4/2013,57.5,57,61,61,57,61,59,62,55
6/5/2013,61,59.5,66,66,58,63.5,61.5,66,59.5
6/6/2013,58,60,59.5,59,55,58,56.5,59,68
6/7/2013,55,54.5,61,60.5,56,60,58.5,59,58
6/8/2013,56.5,54.5,62,62,59,61.5,59.5,M,58
6/9/2013,62,65,70.5,70,63,67.5,66.5,68,66.5
6/10/2013,68,69.5,68,68,63,68,68.5,69,73
6/11/2013,M,66.5,72,71.5,68,71.5,72,68,68
6/12/2013,70,73,75.5,75,71.5,74.5,72,75.5,72
6/13/2013,71,67.5,65.5,65,60,65.5,64.5,74,75
6/14/2013,63,61.5,66.5,66,58,67,66,65.5,63
6/15/2013,65,61.5,71,70.5,67.5,69,68.5,69,66.5
6/16/2013,69.5,68,76,77,76.5,77.5,76,73,72.5
6/17/2013,72,70.5,75,75,72.5,73.5,74,77,73
6/18/2013,69.5,71,63.5,63.5,58.5,63.5,61,73.5,71.5
6/19/2013,59,58.5,66,66,61.5,64,62,63.5,62.5
6/20/2013,64,63,74,74,66.5,71,71,69.5,68.5
6/21/2013,73.5,74.5,77.5,77.5,75.5,75,74.5,80.5,73
6/22/2013,71,74.5,76.5,76.5,74,73.5,75,77,77
6/23/2013,70.5,74.5,79,78.5,77.5,76.5,78,75,72.5
6/24/2013,74.5,80,77,77.5,76.5,78,78,81,77
6/25/2013,73,76,78.5,79,76,76,76,77.5,75.5
6/26/2013,72.5,75,74.5,74,71.5,73,72.5,76,77.5
6/27/2013,M,70,78.5,78.5,75.5,77,78,74.5,73
6/28/2013,74.5,78,75.5,75,73,75,75,77,77.5
6/29/2013,70,72,68,68,64,68,67.5,75.5,72.5
6/30/2013,68,65,70,69.5,64.5,69.5,68.5,67,67.5
7/1/2013,67,64.5,68,67.5,64.5,67,66.5,M,66.5
7/2/2013,64.5,64.5,65,64.5,62,64,64,M,66.5
7/3/2013,64.5,63.5,68,67.5,63,65.5,67,M,64
7/4/2013,61.5,63.5,72,72,71.5,69.5,69.5,M,66.5
7/5/2013,69.5,72,75,74.5,72,73,73.5,M,70
7/6/2013,72,73.5,76.5,76.5,74,74,73.5,M,74
7/7/2013,74.5,73,79.5,79.5,79.5,79,80.5,M,73
7/8/2013,77.5,82.5,79,78.5,78.5,78,79.5,M,80.5
7/9/2013,76,77,80,80,76,79,79,M,77.5
7/10/2013,78,78.5,76.5,76,74.5,75.5,75,M,78.5
7/11/2013,70.5,72,71.5,72,70,72.5,71,M,73.5
7/12/2013,66.5,65.5,71,71,68.5,70.5,69,M,67
7/13/2013,69.5,69,75,75.5,71,73,71.5,M,72
7/14/2013,70,73.5,80.5,80,75.5,80,77.5,M,76.5
7/15/2013,71.5,77,83,83,78.5,80,80,M,81.5
7/16/2013,79,80.5,85,84.5,84,82.5,84.5,M,81.5
7/17/2013,79,83.5,86,87,85,85,86.5,83.5,82
7/18/2013,81.5,84.5,87.5,87,88,86,88,87,84.5
7/19/2013,83,87,86,86,84,83.5,85,M,85.5
7/20/2013,77,81,80,80,75.5,80,79,M,83
7/21/2013,76.5,75,80.5,80,75.5,78,76,M,79
7/22/2013,74,76,81,80.5,78,79,78.5,M,78.5
7/23/2013,73.5,75.5,72.5,72,72.5,70.5,70,M,76.5
7/24/2013,65,67.5,67.5,67,65.5,66,65.5,M,69
7/25/2013,61.5,63,69.5,69.5,69,69,68.5,M,62.5
7/26/2013,66,70,69.5,69.5,70.5,66,68,M,69
7/27/2013,61.5,64.5,62.5,62,63,60,61,M,67
7/28/2013,56.5,59.5,63,63,62.5,61.5,63,M,59
7/29/2013,59.5,62.5,67,66.5,65,66.5,65.5,M,61
7/30/2013,65,66.5,67.5,67,68,65.5,66.5,M,64.5
7/31/2013,66.5,70,69.5,68.5,68,68.5,70,M,63.5
8/1/2013,65.5,67,71.5,71.5,71.5,71,70.5,M,66.5
8/2/2013,68.5,70,75.5,75.5,73,73,74.5,M,71
8/3/2013,68.5,72.5,72.5,72.5,70.5,72.5,69,M,72.5
8/4/2013,67,67.5,67,67.5,67.5,67.5,66.5,M,67.5
8/5/2013,68,64.5,69.5,69.5,69,66.5,67,M,66.5
8/6/2013,66,71,76.5,76.5,76,75,76.5,M,65.5
8/7/2013,73,75.5,80.5,79.5,78,78,77,M,74
8/8/2013,73,75,74,73.5,70,71.5,70,M,76.5
8/9/2013,65,66,73,73,72.5,70.5,71,M,68.5
8/10/2013,69,72,74.5,74.5,72,72.5,71.5,M,71.5
8/11/2013,66.5,68.5,73.5,73.5,72,70.5,70,M,71
8/12/2013,67.5,71.5,77,76.5,76,74.5,75.5,M,75
8/13/2013,67.5,71,66.5,66,66.5,64,63.5,M,75
8/14/2013,59.5,63,64.5,64.5,65,64,63,M,62.5
8/15/2013,62,63,65.5,65.5,68,65,66.5,M,62
8/16/2013,63,65.5,70,70,71,68.5,68.5,M,64.5
8/17/2013,65.5,65,69.5,70,71.5,69,68.5,M,68.5
8/18/2013,66,68.5,71.5,72,71.5,70,69.5,M,69.5
8/19/2013,67.5,68.5,74.5,75,73.5,71,72.5,M,71
8/20/2013,M,73.5,78,78,79.5,77,76,M,71.5
8/21/2013,71,77.5,80.5,80.5,81.5,79,80,M,75.5
8/22/2013,76,80,72.5,72,72,73,71,81.5,78.5
8/23/2013,65.5,68.5,72.5,73,72,72,70.5,M,67.5
8/24/2013,67.5,69,75,75.5,73,73,72.5,M,70
8/25/2013,72.5,73.5,78.5,79,80,77,78.5,M,75.5
8/26/2013,75,80.5,81,81,82,81,82.5,M,78
8/27/2013,78,80,86.5,86.5,86,86.5,87,M,78.5
8/28/2013,80,82.5,77,77.5,76.5,77,76.5,M,82.5
8/29/2013,72,71.5,78,78,72,77.5,77.5,M,76.5
8/30/2013,73.5,75,82.5,84,82.5,81.5,81.5,80.5,79
8/31/2013,76.5,82.5,73.5,73.5,72,74.5,73.5,M,81.5
9/1/2013,76,71.5,76,76.5,74.5,75,75.5,M,74
9/2/2013,74.5,72.5,69.5,70,70,69.5,68,M,74.5
9/3/2013,71.5,65.5,67,67,66.5,67,66,M,68
9/4/2013,62.5,64.5,71.5,72,73,71.5,69.5,M,66
9/5/2013,68,71.5,69.5,69,70,66.5,65,M,69
9/6/2013,61.5,63.5,73.5,73.5,71,71.5,70.5,M,67
9/7/2013,70,71,77.5,77.5,77.5,76.5,77,M,72
9/8/2013,73,77,74.5,74,72.5,74,72.5,M,78.5
9/9/2013,68.5,71,81.5,81.5,81.5,81,82,74.5,74.5
9/10/2013,77.5,82.5,87,87,87.5,86,87,M,80
9/11/2013,79,84,83.5,84,78.5,83,82.5,M,84
9/12/2013,73,75.5,73,73.5,72.5,72,72,M,80.5
9/13/2013,62,65.5,60.5,60,60.5,59.5,58.5,M,72
9/14/2013,53,56,61.5,61.5,62.5,59.5,59,57.5,55
9/15/2013,57,60,60,60,59.5,59,59,59.5,62
9/16/2013,52,54.5,59.5,59.5,60,57.5,57,M,61
9/17/2013,54,56,61.5,61.5,60.5,60,58.5,M,57
9/18/2013,58,62.5,72,72,71.5,70.5,70.5,M,59.5
9/19/2013,68,72.5,77,77,73,76.5,76.5,M,71
9/20/2013,72.5,73,68,67.5,68.5,67,67.5,M,73.5
9/21/2013,60.5,64.5,59,59,61.5,59.5,58.5,M,63.5
9/22/2013,53.5,56,58,58,60,58,56,M,58
9/23/2013,53,57.5,58.5,58.5,60,56.5,56.5,M,56.5
9/24/2013,53,56,M,61,59.5,59.5,59,M,58.5
9/25/2013,57,59.5,63.5,63,63,60.5,59.5,M,60.5
9/26/2013,56,59.5,65,65.5,64,62.5,61.5,M,60
9/27/2013,M,60.5,68.5,69,66,66.5,65.5,M,64
9/28/2013,62.5,65,71.5,71.5,71,69.5,69,M,68
9/29/2013,63.5,67,68.5,60,63,59.5,59,M,69
9/30/2013,54,55,63,62.5,63,60.5,60,M,56
10/1/2013,55.5,60.5,70.5,70.5,70,70.5,71.5,M,59.5
10/2/2013,64.5,65.5,70.5,70.5,M,69,65.5,M,68.5
10/3/2013,64,62,71,71,M,69,69,M,70.5
10/4/2013,68,71,71,71,69.5,69.5,68.5,M,71
10/5/2013,65.5,67,73,73.5,72.5,70.5,71,M,73
10/6/2013,62,66,62,57,57.5,54.5,55.5,M,66.5
10/7/2013,51.5,53.5,56,56.5,57,56.5,57.5,M,52.5
10/8/2013,53.5,54.5,62.5,62.5,59,59,60,M,55.5
10/9/2013,57.5,59.5,61,61,59.5,59.5,59,M,61
10/10/2013,56.5,57,63,63.5,60,60,60,M,60
10/11/2013,58.5,60.5,66.5,66.5,61.5,63.5,63.5,M,62
10/12/2013,62,63.5,63,63,66.5,59.5,59,M,65
10/13/2013,53.5,57,55.5,55.5,57,54,54,M,57.5
10/14/2013,49.5,51.5,53.5,54,57.5,52,51.5,M,52.5
10/15/2013,50,56.5,58,58,59,56.5,58,M,52
10/16/2013,52,54,50.5,50.5,51,50.5,51.5,M,53.5
10/17/2013,48.5,51.5,49,48.5,51,46.5,47,M,49
10/18/2013,44,44.5,46,46,47,44.5,44,M,47
10/19/2013,43,45,48.5,48.5,49.5,48,49.5,M,44.5
10/20/2013,42.5,45.5,53,52.5,54,48.5,48.5,M,46.5
10/21/2013,46,48.5,45.5,45.5,47.5,44,46,M,56.5
10/22/2013,37,38.5,36,36,38.5,35.5,37.5,M,44.5
10/23/2013,37.5,37,39,39,41,39,39.5,M,34.5
10/24/2013,36,39,39,38.5,40,37.5,39,M,35.5
10/25/2013,35.5,35.5,40,40.5,42,40,41,M,35
10/26/2013,38.5,40.5,46.5,47,48,46,45,M,38.5
10/27/2013,40.5,42,43.5,44,45.5,41.5,42,M,42.5
10/28/2013,40.5,42,45,45.5,47.5,44,44,M,45
10/29/2013,43.5,48.5,50,50,48.5,49.5,51,M,45.5
10/30/2013,48,46.5,55.5,55,55,53,54,M,46
10/31/2013,53.5,53,56,55.5,56,55,56,M,55
11/1/2013,50,52.5,46.5,46.5,47,45.5,47,M,53
11/2/2013,40.5,43,43.5,43,44,43,44,M,43
11/3/2013,37,38,43,43.5,45.5,43,41.5,M,41
11/4/2013,39.5,45.5,50.5,51,50,50,51,M,46.5
11/5/2013,49.5,51.5,53.5,53.5,54,52.5,54,M,48.5
11/6/2013,52,54.5,47,46.5,48,46,47.5,M,52.5
11/7/2013,41.5,43,38,38,39.5,37,38,M,42
11/8/2013,34,35.5,38.5,38.5,40.5,38,38,M,36
11/9/2013,37.5,40,51,50.5,50.5,49.5,50,M,38.5
11/10/2013,44,46.5,42,42,43,42,43.5,M,46
11/11/2013,41,44,37,36.5,38.5,36,36.5,M,43.5
11/12/2013,33.5,34.5,28.5,28,30,27.5,28,M,34
11/13/2013,23,26.5,30,30,30.5,30,31.5,M,25.5
11/14/2013,29.5,33.5,40.5,40,41,40.5,M,M,28
11/15/2013,39,43.5,43.5,44,44.5,44,44.5,M,39.5
11/16/2013,42.5,46,52,52,52.5,51.5,51.5,M,43
11/17/2013,48.5,55.5,56,55.5,56,56,55.5,M,57
11/18/2013,49.5,52,37,37,38.5,36.5,36,M,52
11/19/2013,30.5,33,33.5,34,35.5,33.5,32.5,M,35
11/20/2013,30.5,34.5,37.5,37.5,39.5,36.5,37,M,34
11/21/2013,36.5,41.5,46,46.5,46.5,46,46,M,37.5
11/22/2013,39,43.5,36,35.5,37,35,35,M,44
11/23/2013,28,34,22.5,21.5,24.5,20.5,21,M,30.5
11/24/2013,15,18,19.5,19,21.5,19,19,M,17.5
11/25/2013,17,20.5,27,27,28,26.5,27.5,M,22
11/26/2013,26.5,26.5,27,27,27.5,25.5,25.5,M,27.5
11/27/2013,20,23,21.5,21.5,22.5,21,20.5,M,23.5
11/28/2013,18,20.5,28.5,28.5,29.5,26.5,26,M,19.5
11/29/2013,20.5,23.5,27.5,28,29,25.5,25,M,25
11/30/2013,24,25,41,40.5,41.5,39.5,39.5,M,25.5
12/1/2013,36.5,38.5,37,37,37.5,35.5,34,40.5,39.5
12/2/2013,33.5,33,38,38,36.5,36.5,34.5,37,35.5
12/3/2013,35,36,44,44,43,43.5,43.5,39.5,37
12/4/2013,42.5,42.5,49.5,49.5,48.5,47.5,48.5,44,44
12/5/2013,39,42,32,32,33.5,30,31,41.5,41.5
12/6/2013,19,23.5,18,17.5,19,17,16,23.5,23
12/7/2013,10.5,13,15,14.5,16,14.5,14,15,14.5
12/8/2013,13,15,21,21,22,20.5,19.5,14,17.5
12/9/2013,19.5,23,14.5,14,15.5,12.5,13,21.5,23
12/10/2013,4.5,11.5,11.5,11.5,13,7.5,9,9.5,10
12/11/2013,13.5,16,11.5,11,13,11,10.5,15,11.5
12/12/2013,5,9.5,8.5,9,10,8,8.5,M,8.5
12/13/2013,8,11.5,23,23,24.5,22.5,22.5,8,8.5
12/14/2013,19.5,21.5,26.5,26,27.5,26.5,27,25,21
12/15/2013,20,22,17.5,18,19,16,17,21.5,19.5
12/16/2013,7.5,8.5,17,17,17.5,14,13,12,11.5
12/17/2013,11.5,14.5,24.5,25,25.5,24.5,25.5,17,15.5
12/18/2013,22,23.5,25,25,27,25,26,19,22.5
12/19/2013,23.5,27,38.5,38.5,37.5,36,31.5,24,26
12/20/2013,31,32,35.5,35,36,34.5,34.5,M,37
12/21/2013,31,32,34,34,32.5,32.5,33,32,33
12/22/2013,29.5,32.5,30.5,30.5,29.5,29,29,30,33
12/23/2013,23,26.5,13.5,13.5,13,12.5,12,17,26.5
12/24/2013,5.5,9.5,9,8.5,9.5,8,8,8,9.5
12/25/2013,8,11.5,23,22.5,23,22.5,22,12.5,9.5
12/26/2013,17,17.5,25.5,25.5,25.5,24,24.5,12.5,20.5
12/27/2013,20,24.5,35,35.5,37.5,31,30,22,23.5
12/28/2013,26.5,31,42.5,42.5,43.5,41.5,40.5,41,34.5
12/29/2013,36.5,41.5,25.5,25.5,27,25.5,24.5,42.5,39
12/30/2013,14,17,9,9,10.5,7,5.5,18,16.5
12/31/2013,2,6.5,9,8.5,11.5,7,7,10,9
1/1/2014,5,13,19,18.5,21,16,16,M,11
1/2/2014,14.5,22.5,13.5,13,15,10,11.5,M,18
1/3/2014,-0.5,6.5,9,8,12,4,6.5,M,6.5
1/4/2014,5.5,11.5,26.5,26.5,26,25,25.5,24,8
1/5/2014,20.5,24,15,15.5,15.5,13,13,25,27
1/6/2014,-3,1.5,-8,-7.5,-6.5,-9,-8.5,1,5.5
1/7/2014,-16,-13.5,-3,-3,-1,-4.5,-4,-13,-13.5
1/8/2014,-6.5,-3,6.5,6.5,11.5,5.5,4.5,M,-4
1/9/2014,-1.5,1.5,15.5,15,18.5,11.5,9.5,5.5,6.5
1/10/2014,14,12,35.5,35.5,35.5,33.5,34,12,19
1/11/2014,34,35.5,36,36,36.5,35.5,36,33,23.5
1/12/2014,29.5,31,36.5,36,37,36,35.5,33,30.5
1/13/2014,33.5,36,37.5,38,39,36,36,36,36.5
1/14/2014,32,36.5,28.5,28.5,29.5,28.5,28,36,35.5
1/15/2014,21.5,24.5,19,19,20,18.5,M,24.5,24.5
1/16/2014,17.5,20.5,27.5,27.5,27,26.5,M,20,19.5
1/17/2014,20.5,23,17,17,17.5,16,15.5,24.5,23.5
1/18/2014,9.5,14.5,16,15.5,17.5,14,16,M,12
1/19/2014,11,16.5,25,24.5,26,23.5,24.5,8,16
1/20/2014,25,27,28.5,29.5,29,24,23.5,21,25
1/21/2014,15.5,16,10.5,11,12.5,6.5,6,M,20
1/22/2014,-1,3.5,8,8,9,7.5,7.5,4,5
1/23/2014,4,5.5,4,3.5,6.5,2.5,3.5,6,5.5
1/24/2014,-1.5,2,11,10.5,12,11,12,M,0.5
1/25/2014,16.5,18.5,20,19.5,20,20,20,16,15
1/26/2014,12,13.5,19,19,20,18.5,18.5,17,15.5
1/27/2014,11,13,-0.5,-0.5,1.5,-0.5,0.5,14.5,15
1/28/2014,-10,-6.5,-3.5,-3.5,-2,-4,-4,2.5,-6.5
1/29/2014,-6.5,-2.5,11.5,12,13.5,12,12,M,-4.5
1/30/2014,7.5,14,26,26,27.5,26.5,27,12.5,11
1/31/2014,21.5,23.5,23.5,24,25,22.5,22.5,26,16.5
2/1/2014,21.5,22,27.5,27,27,25.5,25,23,23.5
2/2/2014,18.5,22.5,15,14.5,19,10,11,21.5,21.5
2/3/2014,3.5,6,11.5,12,17.5,7.5,9.5,7,11
2/4/2014,6.5,14.5,17.5,17.5,20,15.5,16,12,9.5
2/5/2014,15,17,17,17,19.5,17,17,18,16
2/6/2014,8.5,12.5,5.5,5,8,6,7,11.5,9.5
2/7/2014,-3,2,4,3.5,6.5,3.5,4.5,1,-0.5
2/8/2014,2,6,11.5,11,12.5,10.5,11.5,5,3.5
2/9/2014,8.5,11,13.5,13,16,11.5,13,6,13.5
2/10/2014,4.5,6.5,5.5,5,9,4.5,4.5,5,6
2/11/2014,-3.5,1,5.5,6,9,3,5.5,1.5,2
2/12/2014,2,7,12.5,13,14.5,9.5,10.5,8,2
2/13/2014,14,17.5,24.5,24.5,25.5,21,24,19,11
2/14/2014,19,21.5,17.5,17.5,18.5,17,17.5,22,15.5
2/15/2014,9,13,15,15,18.5,13.5,15,11,11.5
2/16/2014,14,15.5,23,23,22.5,23,23,18,15.5
2/17/2014,21,20.5,25.5,25.5,24.5,25.5,25,25,24
2/18/2014,22,20.5,34,34,35.5,31,30,25,25
2/19/2014,33.5,36.5,38.5,38.5,40,37,36.5,37.5,31.5
2/20/2014,36.5,41,43,43,43,41.5,41,41,37
2/21/2014,34,37,32.5,32.5,33,31.5,28.5,39,39.5
2/22/2014,22.5,26.5,29,29,30,28,27,29,37
2/23/2014,20.5,25.5,22.5,22.5,23.5,21.5,21,28,26
2/24/2014,16.5,19.5,19,19,19.5,18.5,17.5,20,20
2/25/2014,15.5,19.5,15.5,15,15.5,14,13.5,20,18
2/26/2014,8,12,13.5,10,10.5,9.5,8,14.5,11
2/27/2014,6,9,12.5,12.5,12,11,9,12,11
2/28/2014,-1,3.5,19,18,20.5,16.5,14,4,6.5
3/1/2014,17,19.5,22,22,23,21,19.5,20.5,16.5
3/2/2014,11.5,15.5,10.5,10,10,7.5,6,11,15
3/3/2014,2,6.5,10.5,10.5,10,8.5,8,8,5.5
3/4/2014,7,11,19.5,19.5,21.5,19.5,18.5,12.5,10
3/5/2014,18.5,22.5,22,21.5,20.5,21,19,21,13
3/6/2014,15.5,19.5,24,24.5,19,24.5,24,M,19
3/7/2014,24,20,33,33.5,34.5,30,30,29.5,25
3/8/2014,34.5,39,31,31,31,29.5,28,37.5,33.5
3/9/2014,21,22,31.5,31.5,32.5,30.5,29,25,25.5
3/10/2014,27,29,47.5,47.5,47,46.5,46.5,34,35.5
3/11/2014,43,45.5,42,42,41.5,42,39.5,45.5,45.5
3/12/2014,36.5,38,26,25.5,26,24,24.5,41,38.5
3/13/2014,16,21.5,26.5,26.5,29.5,25,24,17.5,19.5
3/14/2014,25,30,46,46,43.5,45,45.5,23.5,23.5
3/15/2014,30,41,34,34,33.5,33.5,33,42.5,41.5
3/16/2014,26,27.5,24,24,23.5,23,22.5,34,30
3/17/2014,16,21,29.5,29.5,27.5,30,29,20.5,20
3/18/2014,27.5,28.5,40.5,41,36,39.5,38.5,31,26
3/19/2014,39.5,40.5,41,41,40.5,40,40,41,40
3/20/2014,34.5,37,39.5,39.5,37,38.5,37,38,37
3/21/2014,33,36.5,45.5,45.5,45,44,42,39,38.5
3/22/2014,42.5,45,35.5,35.5,34.5,33.5,33.5,46,44
3/23/2014,28,29.5,25.5,25.5,25,25.5,25.5,31.5,30.5
3/24/2014,22.5,24,28.5,28.5,28,28,28,26,25
3/25/2014,26,28,26,26,27,25.5,25,28.5,27.5
3/26/2014,18,21,28,28,30,27,27,14.5,21.5
3/27/2014,24,29.5,44.5,44.5,44.5,44.5,45,14.5,26
3/28/2014,41,44.5,44.5,44.5,44,44.5,44.5,29,43.5
3/29/2014,34.5,36,34.5,34.5,34,34.5,33.5,37.5,35.5
3/30/2014,31.5,30.5,41,41,43.5,41,40,32.5,32
3/31/2014,40.5,43,56,56,53.5,54.5,56,43,38.5
4/1/2014,48,50,45.5,45.5,46,44.5,45,52.5,53.5
4/2/2014,37.5,38.5,40.5,40.5,39,39.5,37.5,41,40.5
4/3/2014,38,37,39.5,39.5,37.5,39,39,42,41
4/4/2014,37,38.5,40.5,40.5,41.5,41,41,40.5,40.5
4/5/2014,36.5,38.5,41,41,38,41,41,39,38.5
4/6/2014,41.5,38,46,46,44,44,43,44,42.5
4/7/2014,44.5,42.5,46,46,42,45,43,49,46.5
4/8/2014,47.5,45,48.5,48.5,44.5,50,49.5,48.5,45
4/9/2014,45.5,42.5,49.5,49.5,50,47.5,47.5,47,44.5
4/10/2014,49,50.5,54,54.5,54.5,53.5,52.5,50,47
4/11/2014,50.5,48.5,55.5,55.5,56.5,53.5,52,49,49.5
4/12/2014,55.5,55,66,66,60,62,60.5,58.5,53
4/13/2014,65.5,62.5,59,59,54,55.5,54.5,67,69
4/14/2014,52,52.5,47.5,47.5,47,46.5,47,57,60.5
4/15/2014,30.5,32.5,32.5,32.5,30.5,32,31,33,38.5
4/16/2014,31.5,32,41.5,41.5,41,39,40,33.5,31.5
4/17/2014,41,44,53,53,51.5,51,52,45.5,39.5
4/18/2014,47.5,51,45,45,41.5,44.5,43,53,45
4/19/2014,46.5,40.5,51,51,45.5,51.5,50,48.5,46
4/20/2014,52.5,47.5,62.5,63,59,60,59,56,51.5
4/21/2014,64.5,65,68.5,68.5,67.5,66,64.5,67.5,61
4/22/2014,56.5,57,50,49.5,50,48.5,48.5,64.5,60.5
4/23/2014,45,44.5,44,44,40.5,42,41,47.5,46
4/24/2014,43,42,52.5,52.5,49,51.5,51,48.5,42.5
4/25/2014,53.5,51.5,58,58.5,57,57.5,57,57,53
4/26/2014,55.5,54.5,50,50,50,48.5,49,58.5,56
4/27/2014,45.5,42,51.5,51.5,46.5,51,49,47.5,46
4/28/2014,49.5,47.5,52.5,52.5,48,50,49,57,56
4/29/2014,47.5,46.5,58.5,58.5,55.5,53,51.5,54.5,52
4/30/2014,50.5,50,49.5,49.5,50,48,49,59,56.5
5/1/2014,45,48.5,46.5,46.5,45.5,45.5,46.5,48,46
5/2/2014,44,46.5,63.5,51,50,49.5,50,47.5,46
5/3/2014,46,49.5,58.5,58.5,57,56.5,57.5,50.5,48
5/4/2014,57,57,54,54,52,51,51,57.5,57.5
5/5/2014,49.5,46.5,52,52,46,49,47,52,50
5/6/2014,48,44.5,54,54,48,52,50.5,52,52
5/7/2014,53.5,50,66,66,56.5,63,61,60,56
5/8/2014,61.5,59.5,80.5,80.5,73.5,70,69,72.5,68
5/9/2014,75,77,66.5,66.5,66,63.5,64,80,76.5
5/10/2014,59,60.5,64.5,64.5,63.5,62,60.5,62,62
5/11/2014,64.5,62,74,74,68.5,66.5,65.5,67,61.5
5/12/2014,71,71.5,75.5,75.5,71,74,74.5,74.5,71.5
5/13/2014,72,74,62,62,61.5,59.5,60,70,74
5/14/2014,54,57.5,50.5,50.5,49,50,50,56.5,58.5
5/15/2014,47,48.5,49.5,49.5,46,47.5,47,51,48
5/16/2014,44,44.5,43,43,41,41.5,41,47.5,46
5/17/2014,38.5,41,51,51,50,49.5,50,40.5,40
5/18/2014,50.5,52.5,59,59.5,59.5,58,56.5,50.5,48.5
5/19/2014,58.5,60,62,62,61.5,57,57,56,55.5
5/20/2014,61.5,63.5,75,75,71,73.5,74.5,66,58.5
5/21/2014,74,70.5,78.5,78.5,66,74.5,74.5,72,72.5
5/22/2014,69.5,69.5,61.5,61.5,59,61.5,59.5,73,72
5/23/2014,59,55,59.5,59.5,54,58.5,57.5,67,58.5
5/24/2014,57.5,53,62,62,56,60.5,59.5,61,55.5
5/25/2014,M,56.5,69.5,69.5,62,66.5,65.5,61.5,59
5/26/2014,71.5,67,78.5,78.5,73,74,75,72.5,73.5
5/27/2014,75,78,73,73.5,69,71.5,71.5,74.5,76
5/28/2014,70,69.5,65.5,65.5,56,63.5,60.5,72.5,71.5
5/29/2014,61,55,67,67,57,65,62.5,68,62
5/30/2014,62.5,58.5,68,68,60.5,66,64,69,64.5
5/31/2014,66,61.5,74.5,74.5,64,71,70,73,69
6/1/2014,73.5,68.5,80.5,80.5,74.5,76.5,75,79,72.5
6/2/2014,76,80.5,77,77,74.5,75.5,76.5,83,79
6/3/2014,71.5,75,76,76,69.5,73.5,74,76,76
6/4/2014,68.5,68,65,65,60.5,62.5,61.5,72,73
6/5/2014,58,56,65.5,65.5,59,64,62,61,57.5
6/6/2014,62.5,59.5,68,68,62,65,65,67,59.5
6/7/2014,67,64.5,73.5,73.5,67.5,70.5,69.5,73,65.5
6/8/2014,66.5,67,62.5,62.5,57,63,62.5,69.5,67.5
6/9/2014,60.5,57,67.5,67.5,57,66.5,62.5,64,61
6/10/2014,65.5,57.5,64.5,64.5,57,61,60,70.5,66
6/11/2014,61,55.5,65.5,65.5,58,62,60.5,63,62
6/12/2014,59,57.5,72.5,72.5,67.5,68.5,67.5,64.5,67.5
6/13/2014,64.5,66.5,66,66,61.5,65,64,67.5,68
6/14/2014,62,59.5,68.5,69,68,65.5,65,66.5,63
6/15/2014,67,67,75,75,73.5,72,73,73.5,68
6/16/2014,71,74,79.5,79.5,74.5,77.5,79,74,70
6/17/2014,77.5,79,86,86,79,84,82,79.5,76
6/18/2014,79,77,74,74,70,71.5,70.5,M,77.5
6/19/2014,70.5,66,71,71,64,69,66,74,72
6/20/2014,69.5,64.5,76,76,71.5,74,74,76,71.5
6/21/2014,70.5,70.5,74,74,67.5,72,72,73,73.5
6/22/2014,69,69,74,74,62.5,72.5,69,79.5,71
6/23/2014,72.5,62.5,76.5,76,67.5,73.5,73,79.5,74.5
6/24/2014,72.5,72,77.5,77.5,72,78.5,77.5,78,75.5
6/25/2014,71.5,69,70.5,70.5,62,69.5,66.5,78.5,72
6/26/2014,68.5,62,68.5,68.5,60.5,68.5,66,73,69.5
6/27/2014,66.5,63,76.5,77,69,73.5,72.5,77.5,68.5
6/28/2014,74,70.5,81.5,81.5,75.5,79,80,84.5,75
6/29/2014,75.5,77.5,79.5,79.5,78,77,77.5,77.5,76
6/30/2014,74,78,78,78,74,77,78,82,77.5
7/1/2014,74.5,77.5,76,76,71,73.5,74.5,73,74.5
7/2/2014,68,70.5,66,66,63,63,64,73.5,72
7/3/2014,59.5,62.5,66,66,62.5,66,66,64,62.5
7/4/2014,64,64,69.5,69.5,65,68.5,67,70,64.5
7/5/2014,66,64.5,71,71,69,68.5,69,73,68.5
7/6/2014,67.5,71.5,77.5,77.5,75,75,77,74,70.5
7/7/2014,73,77.5,80.5,80.5,77,79.5,79,76.5,76.5
7/8/2014,75,78,77,77,72.5,73.5,75,79.5,78.5
7/9/2014,68.5,70.5,72.5,72.5,66.5,71,71,71.5,71.5
7/10/2014,66,65.5,70.5,70.5,65.5,69.5,67.5,69.5,67.5
7/11/2014,67,65.5,73,73,70.5,70.5,71,71,66.5
7/12/2014,71.5,73.5,75.5,75.5,73,75,76.5,74.5,68.5
7/13/2014,71,73.5,78.5,78.5,77,76.5,77,75.5,73.5
7/14/2014,70.5,72.5,72.5,72.5,68.5,70.5,71,75.5,73.5
7/15/2014,63.5,67,64,64,63,62.5,64,67,67.5
7/16/2014,59.5,62.5,64.5,64.5,63,63.5,63.5,62,60.5
7/17/2014,61.5,61,68,68,65.5,66,65.5,66.5,61
7/18/2014,66,66.5,72.5,72.5,69.5,69,69.5,68,65
7/19/2014,66.5,67.5,71,71,69,68.5,68.5,71,68
7/20/2014,67.5,69,75,75,70.5,71,71,70,70
7/21/2014,69.5,70.5,77.5,77.5,76,74.5,75,79,72
7/22/2014,74.5,78.5,81.5,81.5,78.5,79.5,81,80,72.5
7/23/2014,72.5,75.5,70,70,66,67,66,80,75
7/24/2014,63.5,62.5,67.5,67.5,M,66,65,M,64
7/25/2014,63.5,63,68.5,68.5,M,65,67,68,64
7/26/2014,68,71,77.5,77.5,74,76,76.5,71,65.5
7/27/2014,74,75,77.5,77.5,74,76,76.5,79.5,74
7/28/2014,68.5,71.5,67.5,67.5,62.5,66,65.5,72.5,72
7/29/2014,63,61.5,70.5,70.5,66.5,69.5,70,70.5,61
7/30/2014,67,67.5,70.5,70.5,66.5,69,69,69,67
7/31/2014,67,66.5,74,74,73,71.5,72,70.5,68
8/1/2014,70,72.5,75,75,73.5,73.5,72,73.5,70.5
8/2/2014,67.5,70,73.5,73.5,69,72.5,71,69.5,71
8/3/2014,71,69.5,76.5,76.5,75,74.5,75.5,78,71.5
8/4/2014,72.5,73.5,78,78,73.5,77,75.5,76,74
8/5/2014,73.5,74.5,74,74,70.5,72,71.5,75.5,74.5
8/6/2014,68,67.5,73,73,69.5,71,70,75,71
8/7/2014,67.5,67,75,75,71.5,71,70.5,75.5,69.5
8/8/2014,69,70,76,76,73,74,72,76,70
8/9/2014,69,71,74,74,71,73,71.5,71,73.5
8/10/2014,70,72,76.5,76.5,72,75,74,74.5,71
8/11/2014,71.5,71.5,76,76,71,74.5,75,74.5,73
8/12/2014,69.5,69.5,66.5,66.5,65.5,65.5,65.5,74.5,73
8/13/2014,60.5,60.5,71,71,70.5,69.5,69,64.5,60.5
8/14/2014,67.5,69,67,67,65,64.5,63.5,71,68
8/15/2014,59.5,59,67,67.5,68,65,65,65,60
8/16/2014,63.5,68.5,72.5,72.5,73,72,73,69,62.5
8/17/2014,71,74.5,69,69,68,67.5,68,73.5,69
8/18/2014,68,65,76,76,72.5,74,74.5,70.5,70
8/19/2014,71,73.5,79.5,79.5,79,77.5,78,78,72.5
8/20/2014,72.5,74,77.5,77.5,77.5,76,77,77,72
8/21/2014,74.5,77,77,77,73.5,74.5,74.5,80,75
8/22/2014,72.5,74.5,80.5,80.5,79,79,80.5,79,76
8/23/2014,77.5,77.5,79,79,72.5,77,77,80.5,77
8/24/2014,74,74,81,81,75,79,78,72,77.5
8/25/2014,76.5,76.5,82.5,82.5,77,79.5,79.5,84.5,78
8/26/2014,74,78.5,M,79,75.5,78,76.5,81,78.5
8/27/2014,72,71.5,75.5,75.5,71.5,74.5,72.5,78,74.5
8/28/2014,69,70.5,73,73,70,72,70.5,74.5,71
8/29/2014,70,70,80.5,80.5,78,78.5,78.5,74.5,71
8/30/2014,76,79.5,80,80,79,76.5,77.5,81.5,76.5
8/31/2014,72.5,74.5,79,79,78,76.5,77,78,74.5
9/1/2014,74.5,78.5,79.5,79.5,78,76.5,77.5,77.5,76.5
9/2/2014,71.5,74,77,77,74.5,74.5,74.5,73,75
9/3/2014,68,70.5,76,76,76,72,73,74.5,71.5
9/4/2014,71.5,73.5,80,80,77,78,77.5,74.5,72
9/5/2014,73,76,78,78,76.5,76,76.5,77.5,75.5
9/6/2014,69.5,72.5,69,69,66,67.5,68,75,73.5
9/7/2014,62,63,68.5,69,67.5,67,68,67,63
9/8/2014,65,66,69.5,69.5,67.5,66,67,70,66
9/9/2014,64.5,69,73.5,73.5,M,71,72.5,70,66.5
9/10/2014,69.5,73.5,70,70,68.5,68,69,74,70.5
9/11/2014,61,64,55,55,53.5,53,53,67,65
9/12/2014,48.5,50,51.5,51.5,50.5,49.5,50.5,52.5,51.5
9/13/2014,44.5,47,51,51,49.5,50,50.5,54,47.5
9/14/2014,47.5,49.5,56.5,56.5,58,53.5,55,54.5,49
9/15/2014,54,57,58,58,58,56.5,55.5,56,57
9/16/2014,50.5,53,58,58,56,56,55.5,57,M
9/17/2014,54,54,60.5,60.5,59.5,59,58,57.5,55.5
9/18/2014,57,58,62.5,62.5,61.5,61.5,59,60,57.5
9/19/2014,58,58.5,66.5,66.5,65.5,65.5,62.5,64.5,57.5
9/20/2014,61.5,65,71.5,71.5,70,70,70.5,66.5,62.5
9/21/2014,63.5,67,61,61,61.5,60,59,67,67.5
9/22/2014,M,54.5,58.5,58.5,56,56.5,56.5,64,57
9/23/2014,52.5,55.5,63,63,62.5,62.5,61,57,56
9/24/2014,58,60.5,65.5,65.5,62,65.5,63,56,60
9/25/2014,61.5,63.5,68,68,64,65,65.5,68,61.5
9/26/2014,62,62.5,70,70,64,65,64.5,69,64.5
9/27/2014,65,62.5,70,70,64.5,66.5,66,71.5,67.5
9/28/2014,62.5,63,68.5,68.5,63.5,65.5,65,67,66
9/29/2014,65.5,63,70.5,70.5,68,68,69,65,66
9/30/2014,62.5,64.5,56,56,55.5,52.5,53,M,67
10/1/2014,50.5,52.5,62.5,62.5,60,59.5,62,52,51.5
10/2/2014,59.5,60.5,70.5,70.5,67.5,67.5,68.5,63.5,58.5
10/3/2014,62,65,57,57,55.5,54,56,65,59
10/4/2014,45.5,48.5,43,43,42.5,41,42.5,47.5,49.5
10/5/2014,45.5,41,49,49,48,46,48,42,40
10/6/2014,46,48.5,55.5,55.5,54.5,51.5,53,51.5,46.5
10/7/2014,51,53.5,59,59,59,57,56,59,52.5
10/8/2014,52.5,54,57.5,57.5,57.5,54.5,56.5,56.5,56.5
10/9/2014,52,54.5,57,57,54.5,52.5,53,56.5,54.5
10/10/2014,48,49,51.5,51.5,52,48.5,49,52.5,51.5
10/11/2014,45,46.5,50,50,52,47.5,49.5,50,47
10/12/2014,46.5,47.5,54.5,54.5,54,50.5,50.5,51,47
10/13/2014,48.5,50.5,65,65,63,61.5,63,52,50.5
10/14/2014,60.5,63,60.5,60.5,59.5,58.5,60,62,63.5
10/15/2014,55.5,56.5,55.5,55.5,54,52.5,53.5,59.5,57
10/16/2014,M,52.5,55.5,55.5,54.5,53,54.5,54.5,52
10/17/2014,51,53,56,56,56,55,56,56,52
10/18/2014,51.5,53.5,45.5,45.5,47.5,43,43.5,53,52.5
10/19/2014,40,41,46.5,46.5,48.5,43.5,44.5,41.5,40
10/20/2014,43.5,45,58,58,55,55.5,57,46.5,44
10/21/2014,52.5,54.5,51.5,51.5,50.5,49,50,56.5,56
10/22/2014,45,47.5,49.5,49.5,48,45.5,46,45,43
10/23/2014,44.5,43.5,51.5,51.5,51,47.5,47.5,48.5,45
10/24/2014,47.5,49.5,61,61,60,59.5,59,51.5,49
10/25/2014,57.5,58.5,63.5,63.5,64,60.5,63.5,60.5,58
10/26/2014,53.5,54.5,55,55,53.5,53,52.5,57,55.5
10/27/2014,50,50,66.5,66.5,65,64,65,56,51.5
10/28/2014,63,65.5,57,57,57.5,56.5,58.5,67.5,65.5
10/29/2014,49,51.5,44.5,44.5,47,42.5,43,51.5,50
10/30/2014,39.5,40.5,45,45,41.5,41.5,43,44.5,M
10/31/2014,41.5,44,41.5,41.5,42,40,41,43.5,M
11/1/2014,35.5,37,38.5,38.5,40,36,37,43,38.5
11/2/2014,34.5,34,41,41,42.5,38,38.5,35,33
11/3/2014,41,43.5,54.5,54.5,54,52.5,54,42.5,38.5
11/4/2014,52.5,54.5,M,53,52.5,52,53,55,M
11/5/2014,44.5,47,51,51,51.5,47,48.5,45.5,43.5
11/6/2014,47.5,52,46,46,45.5,44.5,45.5,53,49
11/7/2014,34.5,37,41,41,41.5,36,38.5,41,40.5
11/8/2014,36.5,40,44,44,43.5,41.5,43,42.5,39.5
11/9/2014,37.5,42.5,44.5,44.5,44.5,43.5,45,40,38.5
11/10/2014,43,45.5,54.5,54.5,53.5,51.5,52.5,45,42
11/11/2014,49.5,54,47,47,46,44.5,45.5,54.5,52.5
11/12/2014,30,34.5,30,30,30,27.5,28.5,39,38.5
11/13/2014,25.5,28,28.5,28.5,27.5,26.5,27,29,26
11/14/2014,24.5,28,26.5,26.5,27.5,24,25.5,27,23.5
11/15/2014,20,22.5,27,27,27,24,23,22,23.5
11/16/2014,24,27.5,29,29,28.5,24.5,24.5,26.5,25
11/17/2014,19,21.5,19,19,19,16,16,22.5,21.5
11/18/2014,12.5,16.5,16.5,16.5,16.5,14,14.5,16,16
11/19/2014,15,17.5,26,26,25,24.5,24.5,16,16
11/20/2014,22,24.5,23.5,23.5,23.5,20.5,20.5,25,21
11/21/2014,15.5,18,24.5,24.5,26,21,22,27.5,18.5
11/22/2014,22.5,26.5,44,44,43.5,42.5,42.5,23,23
11/23/2014,41.5,45,52,52,47.5,50,49.5,44,42.5
11/24/2014,46,50,39,39,38,36.5,36.5,45,48.5
11/25/2014,31,34.5,26,26,25.5,22,23,32,33.5
11/26/2014,19.5,21,27,27,27,23,23,23,22.5
11/27/2014,22,23,24.5,24.5,24.5,21,20,25,24.5
11/28/2014,17.5,20.5,28,28,27.5,26,25.5,19.5,21.5
11/29/2014,26.5,28.5,43.5,43.5,42,40,41.5,27.5,26
11/30/2014,41.5,44.5,42.5,42.5,41,37,36,43,41.5
12/1/2014,29.5,33,25,25,23.5,21.5,21,36.5,37
12/2/2014,17,23,27.5,27.5,28.5,26,27,31,21
12/3/2014,26,31,32.5,32.5,32.5,30.5,31,26,24.5
12/4/2014,28,29.5,31,31,30.5,29,28,30,30
12/5/2014,27.5,29.5,38,38,35.5,36,36,30,30.5
12/6/2014,33.5,35,38.5,38.5,37,33,32,37,35.5
12/7/2014,30,35.5,34.5,34.5,34,31,30,33,32.5
12/8/2014,30.5,35,37,37,35.5,34.5,35,33.5,31
12/9/2014,33.5,35,36.5,36.5,35,34.5,34,30,31
12/10/2014,32,34,33.5,33.5,32.5,30.5,30.5,34,33.5
12/11/2014,29,28.5,30,30,29.5,27.5,28,30.5,30
12/12/2014,26.5,29,32,32,31.5,30,30,27,26
12/13/2014,31.5,33.5,43,43,42,41,41.5,32.5,30
12/14/2014,39.5,43,50,50,49.5,47.5,48,42.5,41
12/15/2014,45,48,45.5,45.5,42,44,44.5,48,47
12/16/2014,43,43.5,39.5,39.5,38.5,37,37,44,42.5
12/17/2014,33,35,29,29,28,26.5,26.5,35,34
12/18/2014,20.5,23,28,28,27,23.5,23.5,25.5,24.5
12/19/2014,23,24.5,31.5,31.5,30.5,29.5,29.5,26,25
12/20/2014,27.5,30.5,33.5,33.5,32.5,30.5,30.5,29,27
12/21/2014,28.5,31.5,36,36,34.5,33.5,34.5,30.5,30
12/22/2014,32,34.5,37.5,37.5,34.5,34.5,34,33.5,32.5
12/23/2014,37.5,39.5,46,46,43.5,43,42,40,38
12/24/2014,40,43.5,40.5,40.5,40,38,38.5,42,42.5
12/25/2014,35.5,37,39.5,39.5,38,37.5,38,38,36
12/26/2014,37,38.5,44.5,45,44,43,43.5,41,37
12/27/2014,41.5,45,41,41.5,40.5,40,40,37,42
12/28/2014,33.5,36.5,31,31,31,28.5,29,38,36
12/29/2014,26.5,28,29.5,29,29,24.5,24,30,27
12/30/2014,17,19.5,18.5,18.5,19.5,14.5,14,22,22.5
12/31/2014,9.5,12,13,13,13,11,11,13,12.5
1/1/2015,9,12,24.5,24.5,24,23,23,10,11
1/2/2015,22,21.5,28,28,28,24.5,24,22.5,21.5
1/3/2015,24.5,27,34,34,33,31.5,32,26,25.5
1/4/2015,30.5,27.5,20.5,20.5,20.5,17.5,17.5,40,32.5
1/5/2015,11,13.5,4.5,4.5,4,1.5,1,19,14
1/6/2015,-0.5,1.5,8.5,8.5,9.5,2.5,6.5,11,3
1/7/2015,3,6,2,2,3,0,0.5,9,5
1/8/2015,-5,-2,6.5,6.5,6.5,5,5,-3,-3
1/9/2015,4.5,7.5,9.5,9.5,9.5,5.5,6,7,5
1/10/2015,-0.5,2.5,13,13,13,11,11.5,4,1.5
1/11/2015,8.5,12.5,29.5,29.5,28.5,27,27.5,11.5,11
1/12/2015,24.5,27.5,24.5,24.5,24.5,21.5,22,23.5,27
1/13/2015,14,18,18,18,18,11,10,24,15
1/14/2015,5.5,8.5,13,13,15,10,8.5,14.5,8.5
1/15/2015,11.5,15,26.5,26.5,26.5,25.5,26.5,14,7.5
1/16/2015,24,28.5,28.5,28.5,29.5,28.5,29,28,23
1/17/2015,25.5,30,37,37,36,34,35.5,33.5,29
1/18/2015,35.5,40.5,37,37,38,33.5,33,40.5,37
1/19/2015,28.5,31.5,35,35,34,33,31,31.5,31.5
1/20/2015,29.5,32.5,36.5,36.5,35,32.5,32,31,33.5
1/21/2015,31,33,33.5,33.5,31.5,31,31,34,36
1/22/2015,28.5,31.5,32,32,31.5,29.5,30.5,32,29
1/23/2015,28.5,31,32,32,31.5,30,31,31,30
1/24/2015,28.5,31,38.5,38.5,37,36,37,30.5,29
1/25/2015,34.5,37.5,32,32,30,29,29,34,35.5
1/26/2015,19.5,24.5,25,25,25,20.5,21,29,24.5
1/27/2015,20,24,28.5,28.5,28,26,25,25.5,21
1/28/2015,22.5,25.5,30,30,29,26.5,26,26,25
1/29/2015,28.5,31,35,35,34,31.5,32.5,29.5,28
1/30/2015,25.5,26.5,27.5,27.5,26.5,24,24.5,28,28
1/31/2015,20.5,23,31,31,31,27.5,27,24.5,24.5
2/1/2015,28.5,33,27,27,26.5,25,24,32,30.5
2/2/2015,16,18.5,15.5,15.5,17,12.5,12.5,23,21.5
2/3/2015,7.5,13,19,19,19.5,14,15.5,12.5,10
2/4/2015,17,20.5,21,21,21,14.5,14.5,22,22
2/5/2015,5.5,10.5,10,10,13.5,6.5,8,9,12.5
2/6/2015,4.5,11,23.5,23.5,23.5,22,22.5,M,7.5
2/7/2015,22,24.5,34.5,34.5,36,29.5,30,18,22.5
2/8/2015,33.5,34.5,36.5,36.5,36,32,31.5,38,35.5
2/9/2015,28.5,31,28.5,28.5,27.5,23,23.5,32.5,31
2/10/2015,19,23,29,29,27,23.5,24.5,24,26
2/11/2015,23.5,29.5,29.5,29.5,29,26.5,27.5,27,28.5
2/12/2015,20,22.5,16,16,16.5,13,13,20,23
2/13/2015,5,10.5,18,18,19,15.5,14.5,16,10
2/14/2015,16,19,16.5,16.5,17,14,14.5,12.5,15.5
2/15/2015,5,6,8.5,8.5,7.5,6,5.5,M,9
2/16/2015,5.5,8.5,13.5,13.5,13,11.5,13,13.5,8.5
2/17/2015,11.5,12,16.5,16.5,16.5,13.5,14.5,15,11
2/18/2015,10.5,12.5,5.5,5.5,5.5,2.5,3.5,14,13
2/19/2015,5,0.5,1,1,2,-2,-1,7.5,1.5
2/20/2015,-4.5,-2,9.5,9.5,10,5.5,4.5,-1,-0.5
2/21/2015,10.5,13.5,26,26,24,24.5,24,11.5,9
2/22/2015,21,23.5,18.5,18.5,18,15,15,19,21.5
2/23/2015,5.5,9.5,7.5,7.5,9,4,4.5,11,10
2/24/2015,2,8,19,19,19,16.5,18,10,5
2/25/2015,18,19.5,22,22,22.5,18,17.5,13,16.5
2/26/2015,16,17.5,14.5,14.5,16,9.5,10.5,24.5,20.5
2/27/2015,5.5,7.5,8.5,8.5,13.5,6,7.5,6,7
2/28/2015,-1,2,12,12,13.5,5.5,4.5,5,5
3/1/2015,6.5,11.5,22.5,22.5,23.5,17.5,18,19,12
3/2/2015,18.5,20,25,25,23,23,22.5,19,17
3/3/2015,22.5,25.5,32,32,30.5,29,29,24.5,20.5
3/4/2015,23,26,23.5,23.5,23.5,20.5,21,26.5,26.5
3/5/2015,8.5,14.5,13.5,13.5,15.5,9.5,10,12,15.5
3/6/2015,5.5,10.5,16.5,17,17,13.5,16.5,10,10.5
3/7/2015,18,20.5,36,36,36,34,34.5,20,19.5
3/8/2015,37,38.5,36.5,36.5,38,34,35.5,39,36
3/9/2015,33,34,40,40,42,37.5,36,36,33
3/10/2015,37.5,38.5,46,46,45,43,43.5,39,38
3/11/2015,40,42,45,45,39.5,40.5,39,42,43
3/12/2015,39.5,37,45.5,45.5,37.5,42,39.5,43,39.5
3/13/2015,44,42,53,53,47,51,49.5,47,42.5
3/14/2015,49.5,50.5,51,51,44,48.5,45.5,52,49.5
3/15/2015,42.5,42.5,49,49,48,45.5,44.5,44,44
3/16/2015,46.5,46,59,59,56,57.5,57.5,49.5,50.5
3/17/2015,51,53,37.5,37.5,36,36.5,35,54,53.5
3/18/2015,34.5,33.5,40,40,40,39,38,37,34.5
3/19/2015,37.5,41,45.5,45.5,39,41.5,40.5,42.5,37.5
3/20/2015,39,40.5,45.5,45.5,44.5,44,45,46.5,43
3/21/2015,43,46,42.5,42.5,39.5,40.5,39,44,41
3/22/2015,39.5,37.5,33.5,33.5,32,30.5,30,41,39
3/23/2015,29,31.5,32,31,30.5,29.5,29.5,35,35
3/24/2015,24,28.5,32.5,32.5,33,28,27,25,25.5
3/25/2015,30,34,40.5,40.5,40,38,38,36,31.5
3/26/2015,34,37.5,40,40,35.5,36.5,37,37.5,37.5
3/27/2015,30.5,33.5,29.5,29.5,27.5,26,25.5,34.5,34.5
3/28/2015,24,26,29,29,27.5,28,25.5,25.5,23
3/29/2015,28.5,29.5,39.5,39.5,38.5,35.5,35.5,32,28.5
3/30/2015,38,38.5,50.5,50.5,49,47.5,48.5,41,37.5
3/31/2015,49,49,49,49,46.5,48.5,47,51,48
4/1/2015,46,41.5,57.5,57.5,56,53.5,52.5,51,48
4/2/2015,55,57,59,59,56.5,57.5,57.5,60,55.5
4/3/2015,56,54,45,45,45.5,41.5,40.5,55,54.5
4/4/2015,38.5,40,46,46,45.5,43,43,41,40.5
4/5/2015,43.5,46.5,58,58,52.5,51,50.5,47,42.5
4/6/2015,50.5,50,52.5,52.5,48.5,48,44,56,M
4/7/2015,50,46,44.5,44.5,40.5,42,41.5,55,51
4/8/2015,42,40.5,48.5,48.5,42,45,43,43.5,45
4/9/2015,44,44,60,60,57.5,56,55.5,49.5,48.5
4/10/2015,53.5,55.5,53.5,53.5,51.5,50.5,51,M,56.5
4/11/2015,48.5,50,51.5,51.5,52,50,49.5,51,50
4/12/2015,53,54.5,59,59,58.5,54.5,53.5,52,53
4/13/2015,57.5,60.5,61,61,60.5,57,56.5,62,56
4/14/2015,53,52.5,56.5,56.5,50.5,52.5,52,55,54.5
4/15/2015,55,51.5,55.5,55.5,48.5,53.5,51,52,54.5
4/16/2015,54.5,50,55.5,55.5,48,55.5,54,55,56
4/17/2015,55,50,64.5,64.5,62.5,61.5,60.5,60,55
4/18/2015,65,63.5,59,59,55.5,56,54,67,63
4/19/2015,63,48,60,60,51.5,58,55,59,58
4/20/2015,58,51.5,49.5,49.5,49.5,46.5,46,63.5,60
4/21/2015,43,45,49.5,49.5,48,46,46,45,43.5
4/22/2015,43,45,43,43,40.5,40,39.5,47,44
4/23/2015,37,37.5,45,45,42,43.5,41.5,40,39
4/24/2015,42,41,47.5,47.5,46,43,42,45,43
4/25/2015,47.5,47.5,44.5,44.5,42.5,43.5,42,54,47.5
4/26/2015,40.5,41,48,48,44.5,45.5,45.5,42,39
4/27/2015,47,46,49.5,49.5,45,46.5,45,45.5,45
4/28/2015,47,43,49,49,45.5,46.5,44,52,44
4/29/2015,49,44,53,53,49,49.5,48.5,52,49
4/30/2015,49.5,49,47,46.5,44,44.5,43.5,54,50
5/1/2015,43,42.5,52.5,52.5,50.5,52.5,49.5,45.5,44
5/2/2015,57.5,53.5,66,66,64.5,63,61.5,57,54.5
5/3/2015,65.5,67.5,71,71,69,66.5,65.5,69,64.5
5/4/2015,67,70,65.5,65.5,60.5,64.5,63.5,71.5,70
5/5/2015,61,60.5,55.5,55.5,51.5,51.5,50.5,64,62
5/6/2015,49.5,48,66.5,66.5,50.5,61.5,56.5,57,56
5/7/2015,64.5,56.5,72,72,66.5,67.5,67,67,68
5/8/2015,72,76,75,75,67.5,72,72.5,56,74.5
5/9/2015,66.5,65.5,58,58,53.5,55.5,54.5,73.5,72
5/10/2015,53.5,48,52.5,52.5,47.5,49.5,49.5,55.5,55
5/11/2015,53.5,53,60.5,60.5,57.5,57.5,57.5,55.5,54
5/12/2015,57,58.5,52.5,52.5,52.5,50,49.5,59.5,58
5/13/2015,47,48,49,49,45.5,46,44,50,48.5
5/14/2015,46.5,46.5,57.5,57.5,52.5,54.5,52,51.5,46.5
5/15/2015,58,57.5,69.5,69.5,65.5,66.5,65.5,61.5,56
5/16/2015,68,69,74.5,74.5,68.5,70.5,70.5,68,69.5
5/17/2015,71,73,76.5,76.5,70,74,74.5,66.5,70.5
5/18/2015,72.5,74.5,66,66,65,63,63.5,76,72.5
5/19/2015,60,63,49,49,46.5,46.5,45.5,64,62.5
5/20/2015,43.5,44,47,47,44.5,43.5,43,53,46
5/21/2015,44,45.5,58.5,58.5,57.5,57,56.5,49,45.5
5/22/2015,56,56.5,59,59,54.5,56.5,53,60,56
5/23/2015,56.5,50.5,68,68,59.5,63,61.5,66,59
5/24/2015,69,66,69,69,65.5,65.5,63,71,69
5/25/2015,66,65.5,74.5,74.5,72.5,71.5,72,71,70.5
5/26/2015,70.5,72.5,73,73,68.5,69,71,76,73
5/27/2015,67,70.5,70.5,70.5,65,66.5,65,70,69.5
5/28/2015,64.5,64.5,72,72,65.5,68,66.5,65.5,66
5/29/2015,70.5,70.5,77.5,77.5,71,72,72.5,71.5,M
5/30/2015,72.5,74.5,59,59,59,57.5,57.5,74,73
5/31/2015,54.5,56,50.5,50.5,46.5,48.5,49.5,56,56.5
6/1/2015,50,48,55,55,50.5,52,50.5,51,50
6/2/2015,51,54,58,58,54.5,56,54.5,55,51
6/3/2015,59,57,67,67,58,63.5,62,58.5,60
6/4/2015,67.5,64.5,72,72,70,69,69.5,67,65
6/5/2015,70,68,64.5,64.5,60,62.5,61,70,71
6/6/2015,59.5,54.5,63.5,63.5,54.5,61.5,60,65,58.5
6/7/2015,61.5,58.5,71.5,71.5,66,68,68,69.5,62.5
6/8/2015,70.5,73,74.5,74.5,72.5,72.5,72,76,69.5
6/9/2015,69,70.5,74,74,74,72.5,71.5,70.5,70
6/10/2015,73,74.5,82.5,82.5,76.5,80,78,79,72.5
6/11/2015,76.5,74,72,72,64,65,62.5,79.5,78
6/12/2015,65,60.5,66,66,61.5,61.5,60.5,74,73.5
6/13/2015,60,59,73,73,63,71,71,66,64
6/14/2015,71.5,65,77.5,77.5,74,75.5,76.5,79.5,72.5
6/15/2015,75.5,77,77,77,72,74,74,77.5,76
6/16/2015,70,72,67,67,59.5,64,61,74,71.5
6/17/2015,63,59,65,65,59,64,62,66.5,64
6/18/2015,64.5,62,70.5,70.5,68,68.5,70,63.5,63.5
6/19/2015,66,67,62.5,62.5,54,60.5,58.5,63.5,68.5
6/20/2015,60.5,57,69.5,69.5,67.5,65.5,65,74,62.5
6/21/2015,67.5,69.5,78.5,78.5,75.5,75.5,76.5,75.5,71
6/22/2015,74.5,75.5,78.5,78.5,75.5,74.5,74,76.5,76
6/23/2015,71.5,74,74,74,68.5,72.5,72,75.5,76
6/24/2015,69,67.5,72.5,72.5,69.5,69.5,69,72,70.5
6/25/2015,70,73,74,74,69,70,68.5,77,71.5
6/26/2015,66.5,67,65.5,65.5,61,62.5,62.5,70.5,71.5
6/27/2015,61,60.5,68,68,65,66,65,63,63.5
6/28/2015,65,62,69.5,69.5,66.5,66.5,67,64.5,63
6/29/2015,69,69,70.5,70.5,65.5,69.5,69,70.5,70.5
6/30/2015,64,68,70.5,70.5,65.5,67,66.5,68.5,68.5
7/1/2015,63.5,65,63,63,58,61.5,59.5,70,68
7/2/2015,60,58.5,63.5,63.5,58.5,61,58,71,61
7/3/2015,60.5,60.5,69,69,63.5,66,65,67,64
7/4/2015,66.5,65,73,73,68,70,69,70,67
7/5/2015,69,69,75,75,71,71.5,71.5,75,69
7/6/2015,72.5,72.5,79.5,79.5,77,74.5,75.5,73,75
7/7/2015,69.5,71.5,66.5,66.5,64.5,63,63,72,72.5
7/8/2015,59,60.5,63.5,63.5,60,60.5,58.5,68,60
7/9/2015,61.5,59,67.5,67.5,63,67.5,66.5,67,62.5
7/10/2015,66,63.5,72.5,72.5,67,71,69.5,72,66
7/11/2015,70,68.5,73,73,68.5,69.5,69.5,71,70.5
7/12/2015,70.5,70,76,76,69,76,73.5,76.5,69
7/13/2015,73.5,73,79,79,76,77,77.5,81,75
7/14/2015,75,77.5,74,74,70,72,71,80.5,75.5
7/15/2015,66.5,69,69,69,63.5,67,65.5,71,70
7/16/2015,64,64.5,71,71,68,66.5,66.5,71.5,68
7/17/2015,67.5,69,83.5,83.5,80.5,81.5,82,72,70
7/18/2015,80.5,83,84.5,84.5,79,81,80,84,80.5
7/19/2015,79,79.5,80,80,76,75,75.5,85,80.5
7/20/2015,71.5,72.5,78.5,78.5,78,74,73.5,78,74
7/21/2015,71.5,75.5,76,76,72,73.5,72,78,74
7/22/2015,69.5,70,75.5,75.5,72,73.5,73,74,70.5
7/23/2015,70,71,76.5,76.5,73,74,73,72,72
7/24/2015,73.5,72.5,78,78,78,74,74,75,74
7/25/2015,75.5,78.5,82.5,82.5,78.5,80,79,80,74
7/26/2015,74.5,75.5,76.5,76.5,73.5,72,71.5,79,79.5
7/27/2015,71,72,80.5,80.5,76.5,77.5,76.5,77,73.5
7/28/2015,75,75,84,84,76,79,78.5,77.5,78.5
7/29/2015,79,80,82,82,81,79,80,85,79.5
7/30/2015,73,73.5,79.5,79.5,78.5,76.5,77.5,75.5,76
7/31/2015,74,76,80,80,79.5,77,77.5,M,76.5
8/1/2015,72,73.5,77.5,77.5,78,75.5,75.5,78.5,74.5
8/2/2015,75,78,81.5,81.5,77.5,79,79.5,77,73.5
8/3/2015,75.5,79.5,76,76,75.5,74.5,74.5,80,77.5
8/4/2015,68,69.5,74,74,75,71.5,71.5,70,71
8/5/2015,67.5,69.5,74,74,73.5,71.5,69.5,71.5,70.5
8/6/2015,70,72.5,77,77,73.5,73.5,71.5,78,M
8/7/2015,70.5,74.5,76.5,76.5,73.5,73,74,74,73.5
8/8/2015,72,75,78,78,76,75,74.5,74,72
8/9/2015,70.5,73.5,76.5,76.5,72.5,73.5,73.5,74.5,75
8/10/2015,71,74,78.5,78.5,75.5,76,76,77.5,72.5
8/11/2015,71,73.5,75,75,72.5,73.5,71,75,75
8/12/2015,68.5,69,72,72,71,71,68.5,72,69
8/13/2015,70,70,76.5,76.5,76.5,75,75,73.5,68.5
8/14/2015,73.5,77.5,80.5,80.5,76,78.5,79.5,74.5,72.5
8/15/2015,75,78,80,80,78,79.5,79,79,76
8/16/2015,78,79.5,81.5,81.5,81.5,80,80,82,76.5
8/17/2015,76.5,83,81,81,79.5,78,79.5,79,78
8/18/2015,75.5,79,77,77,76,75,76.5,78.5,76
8/19/2015,73.5,75.5,71.5,71.5,70,68.5,70,77,74
8/20/2015,65,69,68.5,68.5,67.5,66.5,65.5,68,67
8/21/2015,63,64,72,72,72,68.5,69,70,66
8/22/2015,69,71.5,74.5,74.5,68,70.5,71,71,67.5
8/23/2015,70.5,72.5,72,72,70.5,69,69.5,71,70.5
8/24/2015,62.5,66,66.5,66.5,65.5,65,65,66,65
8/25/2015,63,66,67.5,67.5,63,65.5,65,65,63.5
8/26/2015,60.5,63.5,63,63,61,61.5,59.5,63,63.5
8/27/2015,56.5,58,65.5,65.5,62.5,63.5,62,59.5,59
8/28/2015,64,64,69,69,67,64,64,69.5,64
8/29/2015,65.5,68,71,71,67,66.5,66.5,69,66
8/30/2015,65,65.5,72,72,66,69.5,67.5,70.5,69
8/31/2015,66,66,76,76,71,72.5,71,72.5,70.5
9/1/2015,70.5,71.5,81.5,81.5,80.5,78,79,72,74.5
9/2/2015,76.5,80,82.5,82.5,82,81,82,81,78
9/3/2015,77,81.5,83.5,83.5,79.5,81,80,M,80
9/4/2015,75,78,79.5,79.5,71,76.5,73.5,81,79.5
9/5/2015,74.5,72,80,80,76.5,78,78,83.5,77.5
9/6/2015,76.5,80,84,84,83,81,82,80,75.5
9/7/2015,79.5,83.5,83.5,83.5,82.5,82,81.5,85,80.5
9/8/2015,79,81,79,79,76.5,74.5,74,82,80.5
9/9/2015,69.5,73,70,70,68,67.5,65.5,76.5,76.5
9/10/2015,64.5,64,68,68,68.5,64,63,69.5,64.5
9/11/2015,60.5,66.5,63,63,62.5,60.5,59.5,69,64.5
9/12/2015,57,59.5,59.5,59.5,58,57.5,56.5,M,58.5
9/13/2015,56,55.5,60.5,60.5,62,59,59,58,55
9/14/2015,58,61,69.5,69.5,69,67,66.5,63,58.5
9/15/2015,68,69.5,74.5,74.5,73,72,74,66,66.5
9/16/2015,68,70.5,72.5,72.5,72.5,69.5,69.5,70.5,70.5
9/17/2015,70.5,73.5,76.5,76.5,75.5,73,73.5,71,70
9/18/2015,72.5,75.5,73,73,70,69.5,71,M,73
9/19/2015,64.5,66.5,64,64,63,62,61.5,69,71
9/20/2015,57.5,59,62.5,62.5,62,61.5,60.5,60.5,59.5
9/21/2015,59.5,60,64.5,65,62,63,61,65,60.5
9/22/2015,61,62,69,69,65.5,66.5,65,68,63
9/23/2015,64.5,68,70.5,70.5,66.5,68.5,66.5,70,66
9/24/2015,65,66.5,70,70,67,66,64,71,68
9/25/2015,64.5,64.5,70,70,66,66.5,64,71,68
9/26/2015,63,64,68.5,68.5,66,67.5,65,68.5,66.5
9/27/2015,65,66,71.5,71.5,66.5,67.5,66,70,68
9/28/2015,M,67.5,74,74,71,70.5,71,75.5,70
9/29/2015,66,69,65.5,65.5,64.5,61.5,61,M,71
9/30/2015,53.5,57,59,59,58,56.5,56.5,59.5,60
10/1/2015,53.5,57.5,56.5,56.5,56,55.5,56,55,55
10/2/2015,52.5,56,57.5,57.5,56,55.5,56,55.5,54
10/3/2015,52.5,54,52,52,51,51,50.5,55,59
10/4/2015,52.5,52.5,55.5,55.5,53.5,53.5,53.5,M,50.5
10/5/2015,52,54.5,59,59,57,57.5,58,M,53
10/6/2015,56,58.5,63,63,60,63,63,54,57
10/7/2015,60.5,60.5,64.5,64.5,62,62.5,59,61.5,56.5
10/8/2015,59.5,58,67,67,66.5,63.5,62.5,64.5,61
10/9/2015,62.5,65.5,58,58,60.5,55.5,53.5,67,65
10/10/2015,49,50.5,55.5,55.5,58,53.5,52,51,51.5
10/11/2015,51.5,55.5,66.5,66.5,66,65,66,53,53
10/12/2015,62.5,65.5,66.5,66.5,65.5,64,63.5,59,63.5
10/13/2015,M,62,57.5,57.5,56.5,55,53.5,63,61.5
10/14/2015,50,51,55,55,55.5,52.5,52.5,52.5,54
10/15/2015,51,53,60,60,60,57.5,58,54,52
10/16/2015,52.5,54.5,49,49,49.5,46,45,54,54.5
10/17/2015,40,43.5,45,45,46,43,41.5,44,45
10/18/2015,40.5,41,48,48,48,46.5,45,42,41.5
10/19/2015,44,46,60.5,60.5,61,60,59,42,46
10/20/2015,58.5,57.5,66,66,66,65.5,64,47,58.5
10/21/2015,60,60.5,68,68,65.5,63.5,62.5,53,64
10/22/2015,60,62.5,59.5,59.5,59,56.5,53.5,65,66
10/23/2015,53,54,60,60,58,58,56.5,57.5,55.5
10/24/2015,57,59.5,59.5,59.5,59.5,56,56,59,57.5
10/25/2015,51,53,52.5,52.5,53,51.5,51,56,54
10/26/2015,47.5,49.5,52,52,53.5,49,48.5,52,49.5
10/27/2015,48,51,54,54,54.5,53,54,54,51
10/28/2015,51,53.5,48.5,48.5,48.5,46.5,47,54,51
10/29/2015,44.5,46.5,43,43,43,41.5,42,47,45.5
10/30/2015,39,41.5,47,47,50,46,45,40.5,40
10/31/2015,45,47.5,50,50,49,48.5,48.5,49,45.5
11/1/2015,45,48,55.5,55.5,54,53.5,54.5,46,48
11/2/2015,53.5,56,62,62,63,59.5,57,49,53.5
11/3/2015,56,58.5,61.5,61.5,60.5,57,56.5,58,59.5
11/4/2015,58,61,61.5,61.5,63,59.5,59,62,59
11/5/2015,61.5,64,66,66,66,64.5,64.5,64,61.5
11/6/2015,55.5,58,55,55,55.5,53,53.5,59,57.5
11/7/2015,43,44,46.5,46.5,47,44,43.5,44,43.5
11/8/2015,40.5,41,44,44,47.5,40,39.5,42.5,41.5
11/9/2015,39,41.5,45.5,45.5,47.5,42.5,41,44,40.5
11/10/2015,41.5,45,48,48,49.5,44,44,45,43
11/11/2015,44.5,46.5,53.5,53.5,53.5,49.5,49,48,46.5
11/12/2015,51,54,51,51,48.5,49,49,52.5,52
11/13/2015,39.5,39,42,42,42.5,39.5,39.5,44,40
11/14/2015,35,36.5,44.5,44.5,46,41,39.5,35,37.5
11/15/2015,43,45.5,55,55,55.5,54,54,44,41.5
11/16/2015,53,57,53,53,53.5,50,52,55.5,53
11/17/2015,52,55,56,56,54,54,55,52,50
11/18/2015,54.5,56.5,56.5,56.5,55.5,54.5,55,55,54.5
11/19/2015,49,51,43.5,43.5,44,41,42,50,51
11/20/2015,36,37,38,38,37.5,35.5,36,37,37.5
11/21/2015,34.5,38,28,28,30,25.5,25.5,38,35.5
11/22/2015,20.5,23.5,21,21,22,17,18.5,21,20
11/23/2015,17.5,23,33,33,34.5,31,32,20,19
11/24/2015,29.5,33,35.5,35.5,40,31,32,M,30
11/25/2015,34.5,37,46,46,46.5,40.5,41.5,43,33
11/26/2015,45.5,41,56,56,55.5,54,54,49,45
11/27/2015,45.5,49,47.5,47.5,47,45,44.5,M,51
11/28/2015,32,36.5,38,38,37.5,34,32.5,39,39.5
11/29/2015,29,32,36.5,36.5,38,33,33,39,34.5
11/30/2015,31.5,34,42.5,42.5,42.5,41,42,37,35
12/1/2015,39.5,42.5,42,42,37,40,40,42,40
12/2/2015,35,37.5,36,36,35.5,34.5,33.5,42,38
12/3/2015,30.5,32.5,34,34,35,32.5,32.5,38,31.5
12/4/2015,32,33.5,40.5,40.5,40.5,39.5,40,41,31
12/5/2015,37.5,40,37.5,37.5,37.5,37.5,38,39,36
12/6/2015,M,39.5,40,40,41.5,37,38,36.5,32.5
12/7/2015,37.5,37,36.5,36.5,37.5,33,33,38,36.5
12/8/2015,33.5,36.5,44.5,44.5,44,42.5,43,38,33.5
12/9/2015,41.5,44,49,49,49,46,45,40.5,42
12/10/2015,44,48,51.5,51.5,51.5,49,48.5,46.5,46.5
12/11/2015,46.5,50.5,49.5,49.5,47,46,47,51,47.5
12/12/2015,44.5,47,55.5,55.5,50,52,48.5,50,46.5
12/13/2015,52.5,52,59,59,53.5,54.5,54,57,58
12/14/2015,56,58,52.5,52.5,52,51.5,52,58.5,57.5
12/15/2015,44.5,47.5,42.5,42.5,42,41,40.5,50,46.5
12/16/2015,39,40.5,45,45,45,44,44.5,44,40.5
12/17/2015,39.5,42,33,33,33.5,31.5,31.5,42.5,41
12/18/2015,28,30,29.5,29.5,29.5,28,28,31.5,30
12/19/2015,21,23,24.5,24.5,25,22.5,22,24,24
12/20/2015,22.5,26,39.5,39.5,39,36.5,38,25,23.5
12/21/2015,40.5,44,48.5,48.5,47.5,46.5,46,42.5,39.5
12/22/2015,42,45,40.5,40.5,39,38,38,46,45
12/23/2015,39.5,42,51.5,51.5,50.5,49.5,50,44.5,42
12/24/2015,44.5,46.5,40,40,40,38,37.5,43,47
12/25/2015,34.5,38,41,41,40.5,38,38,40,38
12/26/2015,35,38.5,43,43,42,39.5,40,40,38
12/27/2015,37.5,39.5,39.5,39.5,38.5,37.5,36.5,40,40.5
12/28/2015,33,36.5,37,37,37,35,34,41,36
12/29/2015,31.5,34.5,36,36,35.5,34,33.5,36.5,35.5
12/30/2015,28,30.5,29.5,29.5,29,28,28.5,37,30.5
12/31/2015,25.5,28,26.5,26.5,27.5,25,25.5,29,27
1/1/2016,22,24,25.5,25.5,25.5,25,24.5,26.5,25.5
1/2/2016,23,25.5,27.5,27.5,28.5,26,27.5,24.5,24.5
1/3/2016,25.5,29,27.5,27.5,29,25.5,25.5,26.5,26
1/4/2016,24,27,28.5,28.5,29.5,26.5,27.5,30,25
1/5/2016,23,25.5,27.5,27.5,27,25,26,24.5,24
1/6/2016,24.5,28.5,32,32,32.5,28.5,29.5,21.5,25.5
1/7/2016,29.5,31.5,39.5,39.5,37,37.5,37,31.5,30.5
1/8/2016,35.5,38,42.5,42.5,40.5,39,39,39,38
1/9/2016,37,39.5,35.5,35.5,35.5,31.5,31,40.5,41
1/10/2016,21.5,24.5,15.5,15.5,16,12.5,11.5,25.5,30
1/11/2016,3,7.5,14,14,13.5,11.5,10.5,7,10
1/12/2016,8,11.5,13.5,13.5,14,11.5,11.5,11.5,12.5
1/13/2016,2,5.5,15.5,15.5,16,11.5,12.5,10,5
1/14/2016,14.5,16,36.5,36.5,37,34,33.5,16,15.5
1/15/2016,34,37.5,37.5,37.5,37.5,36.5,36,31,38
1/16/2016,30,32,23,23,23,19.5,19,33,35
1/17/2016,12,15,7.5,7.5,7.5,3.5,3.5,19,18
1/18/2016,-2,1,4,4,4,1.5,1.5,M,1.5
1/19/2016,-0.5,2.5,10,10,11,8.5,8.5,6.5,2.5
1/20/2016,7,10.5,19,19,20,17.5,19,10.5,8.5
1/21/2016,15,18,24,24,23,19,21,24,15.5
1/22/2016,20,21.5,26.5,26.5,27.5,24.5,23,24,20
1/23/2016,23.5,27,29.5,29.5,29.5,26.5,28,26,25
1/24/2016,26.5,30,30.5,30.5,30.5,29,27.5,29.5,27.5
1/25/2016,26.5,27.5,36,36,36,32.5,31.5,31,29
1/26/2016,31.5,35,32.5,32.5,33,30,30.5,28,34.5
1/27/2016,26,27,30.5,30.5,30,28.5,28.5,25,27
1/28/2016,28,30.5,36,36,35,34,34,30.5,29.5
1/29/2016,27.5,29,30.5,30.5,30,27.5,27,30,30
1/30/2016,26,29,42.5,42.5,42.5,40.5,41,30,29.5
1/31/2016,39,42,41.5,42,42.5,40.5,40,42.5,40.5
2/1/2016,36,38.5,39,39,37,37.5,36.5,40,39.5
2/2/2016,35,35.5,38,38,36,35,32.5,33,37
2/3/2016,34.5,34.5,34,34,34,32.5,32.5,37.5,36.5
2/4/2016,25.5,29,26.5,26.5,27.5,25.5,26,28,28.5
2/5/2016,24,26.5,30.5,30.5,31,29.5,28.5,26,25
2/6/2016,25,30,34,34,34.5,32.5,33,29,27.5
2/7/2016,32,35,40,40,40.5,37.5,38,34,32.5
2/8/2016,34.5,36.5,28.5,28.5,29.5,26,26.5,37.5,36.5
2/9/2016,20,22.5,19,19,19.5,17,17,25,24
2/10/2016,10.5,15,15,15,15.5,13.5,13,16,M
2/11/2016,8.5,12.5,16.5,16.5,16.5,14,14,13,13.5
2/12/2016,11.5,15.5,17,17,17,15,14,14.5,15.5
2/13/2016,11,13,11.5,11.5,12,9.5,9.5,14,14
2/14/2016,8,11,16,16,16,13.5,12.5,12.5,10.5
2/15/2016,16,18.5,24,24,23.5,22.5,22.5,18.5,16
2/16/2016,22.5,26,31.5,31.5,29,28.5,28.5,26.5,24
2/17/2016,25,28.5,31.5,31.5,29,27.5,26,31,29.5
2/18/2016,22,24.5,34,34,32.5,32.5,31.5,27,29.5
2/19/2016,36.5,39,53.5,53.5,51.5,51.5,51.5,37,36.5
2/20/2016,47.5,53,51,51,50.5,47.5,M,55,52.5
2/21/2016,44,46,39.5,39.5,38.5,35,34,43.5,48.5
2/22/2016,32.5,32.5,36.5,36.5,34.5,35,34,33,33.5
2/23/2016,33.5,33,38.5,38.5,35,35.5,33.5,37.5,35
2/24/2016,37.5,37.5,35.5,35.5,33.5,34,34,39,36
2/25/2016,32,33,35,35,33.5,34,34,33,31.5
2/26/2016,29.5,31.5,31.5,31.5,31.5,28.5,29,31.5,30
2/27/2016,29.5,32,41.5,41.5,42,41,42,M,29.5
2/28/2016,40.5,45,51,51,50,49,49,M,37
2/29/2016,45,47,42.5,42.5,40.5,40,39.5,M,47.5
3/1/2016,37.5,39.5,26.5,26.5,26.5,24,23,42,43
3/2/2016,17.5,19.5,23.5,23.5,26.5,21.5,21.5,22,23
3/3/2016,23,25.5,31,31,30,30,29,27,23.5
3/4/2016,23,23.5,31,31,31.5,29.5,29.5,27.5,26
3/5/2016,32,33.5,34.5,34.5,33,34,34,32,30
3/6/2016,33.5,36.5,44,44,43.5,42.5,42,37,36
3/7/2016,42,44,54.5,54.5,54,53.5,54,44,42
3/8/2016,55.5,58.5,65.5,65.5,64,64,64.5,52,51.5
3/9/2016,62,64,59,59,56,55.5,55.5,64.5,62.5
3/10/2016,51.5,53.5,47,47,43,44,43.5,56.5,56
3/11/2016,40.5,40,45,45,40,44.5,41.5,44,41.5
3/12/2016,44,38.5,49,49,41,46,44.5,48,45
3/13/2016,50.5,49.5,46.5,46.5,42.5,45.5,45,49,48.5
3/14/2016,44.5,42.5,48.5,48.5,42,49,49,53.5,48
3/15/2016,48.5,46,56,55.5,44.5,52,51.5,51,47.5
3/16/2016,50.5,49.5,52.5,52.5,52,50.5,51,49,57
3/17/2016,47.5,49,50.5,50.5,50,48,48.5,50,48
3/18/2016,42.5,44.5,42.5,42.5,41,40.5,40.5,44,45
3/19/2016,39,39.5,41.5,41.5,38,40.5,37.5,42,41
3/20/2016,36.5,37,39,39,37.5,37,35,39,39
3/21/2016,36,36,41,41,40.5,38.5,38.5,35.5,36
3/22/2016,38,39,55.5,55.5,53,51.5,49.5,41,39.5
3/23/2016,48.5,49,43,43,40.5,39,38.5,54,53
3/24/2016,37.5,37,35.5,35.5,36.5,34.5,34,44.5,45.5
3/25/2016,31,33.5,38,38,35,38,36,36,42.5
3/26/2016,37,35.5,45,45,40,42.5,40.5,37,39
3/27/2016,45,42.5,54,54,53,49.5,48,47.5,45
3/28/2016,49.5,51.5,46,46,42.5,44,43,55.5,54
3/29/2016,41.5,41.5,47.5,47.5,42.5,44.5,42.5,49.5,41
3/30/2016,47.5,45.5,54,54,52.5,52,52,51.5,44.5
3/31/2016,53.5,55,57.5,57.5,54,55.5,54,54,51
4/1/2016,52.5,53.5,44,44,43.5,42,42.5,53,53
4/2/2016,40.5,41.5,35.5,35.5,36.5,33.5,34,38,39.5
4/3/2016,32,34,50.5,50.5,51.5,48.5,49.5,33,32.5
4/4/2016,50,51.5,35,35,34,33.5,32.5,M,48
4/5/2016,28,30,38,38,37.5,34.5,33.5,30.5,29
4/6/2016,34.5,38.5,46.5,46.5,46,45,44,40.5,34.5
4/7/2016,40,43,39,39,38.5,37,38.5,45,43
4/8/2016,36,37,36.5,36.5,35.5,33.5,34,40,38
4/9/2016,30.5,32,30.5,30.5,29.5,30,29,34,33.5
4/10/2016,31,32.5,42.5,42.5,42,41.5,41.5,33,30.5
4/11/2016,42,43.5,46,46,44.5,43.5,43,43.5,42
4/12/2016,39,40.5,39.5,39.5,38.5,38.5,37,40,40
4/13/2016,40,38.5,47,47,42.5,45,43,43,40
4/14/2016,46,43,50.5,50.5,45.5,49,45,50.5,45.5
4/15/2016,50,46.5,57,57,48,55,52,52,51.5
4/16/2016,56,47,62.5,62.5,53,58.5,54.5,56,57
4/17/2016,62,52.5,65.5,65.5,56.5,62,60,66.5,64
4/18/2016,64,57,68,68,55.5,66,63,68,67
4/19/2016,63.5,59,54.5,54.5,47,51.5,50.5,68,65
4/20/2016,51,49,63.5,63.5,56,61,57.5,56,54
4/21/2016,62,57,63.5,63.5,57,60,60.5,60.5,62
4/22/2016,56.5,55.5,51,51,49.5,47.5,47.5,59.5,61
4/23/2016,46.5,44,51,51,45.5,49,47,47,46
4/24/2016,50.5,46.5,63,63,57.5,59.5,57.5,55,50.5
4/25/2016,65.5,62,73,73,64.5,70.5,66.5,65,63
4/26/2016,63,62.5,58,58,44,55,45,53.5,63
4/27/2016,45,42.5,46.5,46.5,45.5,45,45,46,47
4/28/2016,44.5,45,48,48,44.5,46,44.5,47.5,47.5
4/29/2016,43.5,44.5,47.5,47.5,43.5,46,44.5,49,48
4/30/2016,44.5,45,47.5,47.5,44,45.5,45.5,48,47
5/1/2016,44.5,44,47.5,47.5,44.5,45.5,45,47.5,46
5/2/2016,44,45,51,51,47,50.5,48,48.5,46
5/3/2016,50,46,55,55,55,53.5,52,50,48
5/4/2016,55.5,55.5,51.5,51.5,50.5,49.5,49,59,54
5/5/2016,45,45,51.5,51.5,46,51,49.5,47,45
5/6/2016,54,49,64.5,64.5,65,62,61.5,54.5,50
5/7/2016,69,67,60,60,59.5,57,58,70,62.5
5/8/2016,52.5,47.5,57,57,54.5,56,54.5,54,54
5/9/2016,59,59,55.5,55.5,50.5,54,53.5,60.5,51.5
5/10/2016,54,51.5,62.5,62.5,53.5,57,54.5,54,54
5/11/2016,55.5,52,62,62,53,60,56.5,58,62.5
5/12/2016,60,55,63,63,60,61.5,61,67.5,64.5
5/13/2016,57.5,60,56,56,55.5,54.5,55,59.5,58.5
5/14/2016,52.5,55,45.5,45.5,45,44,43.5,M,54
5/15/2016,40,39.5,47.5,47.5,48,45,45,46,41.5
5/16/2016,47,49,59,59,58,58,57.5,56,44.5
5/17/2016,57,59,53,53,52,50.5,48.5,62.5,56
5/18/2016,50,46.5,55.5,55.5,51,53,50.5,52,49
5/19/2016,51.5,48.5,56.5,56.5,53,54,53,56,53
5/20/2016,53.5,55,60.5,60.5,55.5,56,55.5,55,57
5/21/2016,59,58,66,66,60.5,64,62,62,59.5
5/22/2016,63.5,59.5,66,66,61,65,61.5,65,61
5/23/2016,63.5,59.5,69,69,60.5,64.5,63.5,68,64
5/24/2016,68.5,68.5,76.5,76.5,76,73,72,74,69.5
5/25/2016,73,76,77.5,77.5,68.5,75,75.5,77.5,73.5
5/26/2016,73.5,73.5,75,75,70.5,72.5,73,79,76.5
5/27/2016,73.5,76,76.5,76.5,70.5,73.5,74.5,77,75
5/28/2016,73,75.5,76.5,76.5,70.5,72.5,73,75.5,73.5
5/29/2016,70.5,73,73,73,72,71,71.5,74.5,72
5/30/2016,70.5,70.5,76,76,70.5,75,73.5,72,71
5/31/2016,73,71,74.5,74.5,66.5,73,71.5,76,76.5
6/1/2016,71.5,69,73,73,67.5,70.5,71.5,78,75.5
6/2/2016,68,68,71,71,68.5,68,67.5,75,68.5
6/3/2016,62.5,67,73.5,73.5,64,69.5,69,72,67.5
6/4/2016,M,69.5,70.5,70.5,68.5,67,67,75,70
6/5/2016,64.5,67.5,72,72,69.5,70,70.5,68,66
6/6/2016,67.5,68,73,73,70.5,70.5,68.5,69,69
6/7/2016,66.5,67.5,62,62,59.5,59,60,70,69.5
6/8/2016,56.5,57,62,62,60,61,57.5,57,M
6/9/2016,61,57,65.5,65.5,63.5,62.5,61,60,63
6/10/2016,65,67,79.5,79.5,76.5,76.5,76.5,67,66.5
6/11/2016,77,79,84,84,78,81,80.5,81.5,78.5
6/12/2016,74,76,71,71,70,69,65,78.5,80
6/13/2016,60,60,74,74,65.5,70,69,59.5,63.5
6/14/2016,72.5,69.5,78.5,78.5,69,75.5,73,77.5,73.5
6/15/2016,75,75,80.5,80.5,78,79,79.5,78,M
6/16/2016,77,78,73,73,71.5,70,68.5,82,79
6/17/2016,64,65.5,74.5,74.5,67.5,73,70.5,68.5,66.5
6/18/2016,69.5,70,76,76,69.5,72.5,71.5,75.5,72
6/19/2016,72.5,71.5,80.5,80.5,77,75.5,75,78.5,73
6/20/2016,78,82,82.5,82.5,81,81.5,81.5,84,79
6/21/2016,75,76,75.5,75.5,72.5,74,73,74.5,76.5
6/22/2016,73,73,72.5,72.5,72,71.5,71,75.5,75
6/23/2016,69.5,73,73.5,73.5,68.5,71,69.5,72.5,68.5
6/24/2016,67,70,74.5,74.5,71,72,70,73,70.5
6/25/2016,71,70.5,81,81,78,77,76.5,78,75.5
6/26/2016,79.5,81.5,82.5,82.5,78.5,81,81.5,83,77.5
6/27/2016,76,78.5,82,80.5,79,79.5,78.5,79,78.5
6/28/2016,73,75,66.5,66.5,66,64,62.5,77,77.5
6/29/2016,61.5,60.5,67.5,67.5,67,68,65.5,64.5,63.5
6/30/2016,66.5,65.5,71.5,71.5,72.5,67.5,67.5,70.5,68
7/1/2016,68,71.5,68.5,68.5,67.5,65.5,63,73.5,69.5
7/2/2016,62,61.5,68,68,68,65,64.5,69,63
7/3/2016,63.5,65,70,70,67.5,66,65,69,63.5
7/4/2016,67.5,70,73.5,73.5,70,72.5,71.5,70.5,65
7/5/2016,69,71,78.5,78.5,79,76.5,77.5,76,70.5
7/6/2016,75.5,77.5,78.5,79,77.5,77.5,78,76,77.5
7/7/2016,75.5,79.5,78,78,76,77,74.5,80,77.5
7/8/2016,73,74,79,79,78,77,77,78,75
7/9/2016,72.5,75.5,73,73,M,72,69.5,76,76
7/10/2016,67,67,74,74,M,71,70,74,69
7/11/2016,72.5,73,82.5,82.5,M,79.5,80.5,77.5,73.5
7/12/2016,80,83,83,83,M,81,82,82.5,79.5
7/13/2016,76.5,80,78.5,78.5,78,76,77.5,79.5,78
7/14/2016,74.5,77.5,78.5,78.5,78,77.5,78,77,77
7/15/2016,72,76.5,71,71,70,67.5,68,76,75
7/16/2016,63,67,69.5,69.5,68,67,67,69,68
7/17/2016,69,68,76.5,76.5,75,72,73.5,74,70
7/18/2016,72.5,76.5,78.5,78.5,75,79.5,79,81,75
7/19/2016,74.5,74.5,79,79,75,79.5,76.5,78.5,76
7/20/2016,75.5,75.5,81.5,81.5,78.5,78.5,78.5,78,77
7/21/2016,79,82,82.5,82.5,79.5,81.5,82,81.5,78
7/22/2016,78,81,82.5,82.5,78.5,81,81,82.5,80
7/23/2016,78,83.5,82,82,76.5,80.5,80,82,79.5
7/24/2016,78.5,79.5,83.5,83.5,79,82,82.5,82,80.5
7/25/2016,79.5,83,80.5,80.5,73.5,80.5,80.5,83,80.5
7/26/2016,75.5,75.5,80,80,75,78.5,77.5,79.5,77.5
7/27/2016,75.5,75.5,80.5,80.5,76.5,78.5,78,81,77
7/28/2016,75.5,78.5,78,78,75,77,75.5,82.5,77.5
7/29/2016,75,75.5,76,76,74,75.5,74,80,77.5
7/30/2016,72,75,75,75,72,73,72,76,75.5
7/31/2016,69,70.5,74.5,74.5,73,73,71.5,76,72
8/1/2016,70.5,71.5,76.5,76.5,74.5,74.5,73,76.5,73
8/2/2016,73.5,73,80.5,80.5,76,77,75.5,80,76
8/3/2016,76,75,82,82,77,79.5,79.5,77,77.5
8/4/2016,77.5,77.5,83.5,83.5,80,80.5,80.5,86,79.5
8/5/2016,78,82.5,81,81,77.5,79,78,84,79.5
8/6/2016,72,75,75,75,75,75,73.5,77,76
8/7/2016,71,71.5,75,75,73.5,72.5,72,78.5,72
8/8/2016,73,75.5,79.5,79.5,76,78,76.5,77.5,72.5
8/9/2016,73,74,80.5,80.5,76,77.5,78.5,79,76
8/10/2016,76,77,82.5,82.5,79,79,79.5,81,76.5
8/11/2016,77.5,78.5,85.5,85.5,81,82.5,82.5,82,79.5
8/12/2016,81,85,79.5,79.5,78,78.5,78.5,82,82.5
8/13/2016,75,77,80,80,78.5,78,77.5,78,78.5
8/14/2016,72.5,76,77,77,75.5,76,76.5,76,74.5
8/15/2016,73.5,75,75,75,72.5,72.5,72.5,78,75
8/16/2016,72.5,74.5,78.5,78.5,74.5,79.5,79.5,75,70.5
8/17/2016,76,76.5,79.5,79.5,79,79,78.5,81,75.5
8/18/2016,76,79.5,79,79,77.5,77.5,79,80,76.5
8/19/2016,75,79.5,78,78,75.5,75,77,80,75
8/20/2016,75,76.5,74,74,73.5,71.5,72,78,74.5
8/21/2016,70,69,69,69,69,67,66.5,74,68
8/22/2016,62,64.5,69,69,69.5,67,67,65.5,64.5
8/23/2016,67,69.5,73.5,73.5,73,70.5,71,73,66
8/24/2016,72,76,78.5,78.5,78,77,77.5,73,70
8/25/2016,75,78,78,78,73.5,76,75.5,78.5,75.5
8/26/2016,71,73.5,74.5,74.5,71,73.5,71.5,74,74.5
8/27/2016,70,72.5,78,78,77,75.5,75.5,72,74
8/28/2016,73,77,78.5,78.5,74.5,77,75,79,76.5
8/29/2016,75,74,81.5,81.5,75.5,78,77,79,76.5
8/30/2016,75.5,77,79.5,79.5,78.5,77,78,81,78.5
8/31/2016,72.5,75.5,74,74,72,69.5,69,79,76.5
9/1/2016,66,68.5,69.5,69.5,68,67.5,67,71,70
9/2/2016,63.5,65.5,69.5,69.5,68.5,68,66.5,68,64.5
9/3/2016,62.5,65.5,69,69,67.5,66,65.5,69,64
9/4/2016,65.5,66.5,72,72,70.5,69.5,69,71,68.5
9/5/2016,69,72,78.5,78.5,78,74.5,75,71,69
9/6/2016,76,79.5,84.5,84.5,83.5,83,84.5,77.5,76.5
9/7/2016,81,83,85,85,84,81.5,M,85,81
9/8/2016,77,80,77,77,77,76,75,82.5,80
9/9/2016,69,72,75,75,75,72,71,74.5,73.5
9/10/2016,70.5,74,68.5,68.5,68.5,66,65.5,68,70.5
9/11/2016,61.5,63,66,66,68.5,63.5,64,63.5,63
9/12/2016,63.5,66,71,71,71.5,66.5,66.5,67.5,64.5
9/13/2016,66.5,70,76,76,75.5,75,75,70,67
9/14/2016,70,74,71,71,68.5,69,66,75,72.5
9/15/2016,63.5,66.5,71,71,69.5,69,67,68,67.5
9/16/2016,66.5,70.5,75,75,73.5,74,73.5,73,69
9/17/2016,72.5,75.5,75,75,75,72,72,75,71
9/18/2016,65,68,72.5,72.5,68.5,69,69.5,M,70
9/19/2016,67,70,76,76,76.5,72,72.5,71.5,70
9/20/2016,71.5,75,77.5,77.5,72,74.5,72,75,73.5
9/21/2016,70.5,71,72.5,72.5,74.5,69.5,68.5,76.5,74.5
9/22/2016,67.5,67.5,76.5,76.5,75.5,72.5,73,68,72.5
9/23/2016,70.5,72.5,72.5,72.5,70.5,70,70,71,74
9/24/2016,68,68.5,71.5,71.5,69,70,68,73,70.5
9/25/2016,65.5,68,75.5,75.5,74,74,74.5,72.5,70.5
9/26/2016,68.5,70.5,64.5,64.5,64.5,62.5,62.5,73,72
9/27/2016,57.5,59.5,62.5,62.5,62.5,60.5,60.5,60,60
9/28/2016,57,59,57.5,57.5,57,55,55.5,61,60
9/29/2016,55.5,56,64,64,62.5,62,61.5,61,55
9/30/2016,60.5,60.5,63.5,63.5,61.5,62,62.5,65,61.5
10/1/2016,59,62.5,62,62,61,60.5,59.5,61,60
10/2/2016,57.5,61.5,62.5,62.5,62,60.5,60,61,59
10/3/2016,58.5,59.5,64,64,62.5,62,62,62.5,62
10/4/2016,61.5,62,68.5,68.5,65,67.5,65.5,63,61.5
10/5/2016,64.5,64.5,73,73,71.5,69.5,67.5,69,68
10/6/2016,65,66.5,68.5,68.5,67,66,64,70,70
10/7/2016,66,67.5,60.5,60.5,62.5,58.5,59,64,69
10/8/2016,52,55,55,55,53,52.5,52,56,55.5
10/9/2016,50.5,52.5,56.5,56.5,56,55,54,53.5,52
10/10/2016,53,53.5,61.5,61.5,58,58,56.5,56,55.5
10/11/2016,57,57.5,68,68,66.5,63.5,64.5,60.5,59.5
10/12/2016,64,66,57.5,57.5,57.5,57,56.5,68,66
10/13/2016,50.5,54.5,49.5,49.5,49,47.5,48,52,53.5
10/14/2016,44.5,45.5,55.5,55.5,57,52,51.5,48.5,48.5
10/15/2016,50.5,52.5,62.5,62.5,63,61.5,62,54.5,52
10/16/2016,61,63.5,68.5,68.5,66,68.5,68.5,59,61.5
10/17/2016,66.5,68.5,77,77,75.5,74.5,74.5,69,67
10/18/2016,73.5,75.5,68,68,68,65.5,63,72,74
10/19/2016,60,60.5,62.5,62.5,62.5,60,58.5,65,64
10/20/2016,58,59,53.5,53.5,54,50.5,49.5,62,60
10/21/2016,45.5,48,47.5,47.5,49.5,45.5,45.5,50,50
10/22/2016,43.5,45,49.5,49.5,52.5,48.5,48,46,45.5
10/23/2016,47.5,50,60,60,61,57,56,49,48
10/24/2016,55.5,56.5,50,50,52,49,47.5,57.5,58
10/25/2016,44,45.5,47.5,47.5,50.5,45,45.5,53,46
10/26/2016,45.5,48.5,48.5,48.5,49.5,48,48.5,49,45
10/27/2016,45,46.5,48,48,48.5,46.5,46.5,47,48
10/28/2016,41.5,44.5,54.5,54.5,54.5,51.5,51.5,45,43.5
10/29/2016,52,55,65.5,65.5,63.5,63.5,63,54,53
10/30/2016,59,61,51,51,52,48.5,48,63.5,63
10/31/2016,45.5,47,53,53,53.5,49.5,49,50,47
11/1/2016,51.5,53,69.5,69.5,68.5,68,68,51.5,50.5
11/2/2016,65.5,67,61.5,61.5,60.5,60,59,67,68.5
11/3/2016,52,54.5,59,59,54,57.5,56.5,54,54.5
11/4/2016,50.5,52,54.5,54.5,53.5,51.5,52,54,54.5
11/5/2016,48.5,52,58,58,59,55.5,56,53,52
11/6/2016,55,57,59,59,59.5,55.5,55.5,57.5,55.5
11/7/2016,54,55.5,57.5,57.5,60,54,52.5,59,57
11/8/2016,54.5,57.5,58,58,57,56,55,56.5,55.5
11/9/2016,48.5,51,50.5,50.5,51.5,49.5,48,51,52.5
11/10/2016,45.5,50,53.5,53.5,54.5,52,52.5,48.5,48
11/11/2016,51,56,49,49,52,44.5,45,50,51
11/12/2016,39,42,44,44,46.5,41.5,40.5,43.5,41
11/13/2016,39,45.5,47,47,47.5,45.5,46.5,47,41
11/14/2016,45,49,51,51,51,50.5,50,47,44.5
11/15/2016,47.5,48.5,47,47,49.5,46,45,47,49.5
11/16/2016,46,M,51,51,50,49.5,46.5,53,47.5
11/17/2016,49.5,45,61.5,61.5,61,58,57,56,49.5
11/18/2016,62,63.5,53,53,53.5,52.5,52.5,50,59.5
11/19/2016,48,47.5,34.5,34.5,36,33.5,33.5,36,50.5
11/20/2016,28.5,30.5,30.5,30.5,31.5,29,28.5,31,30
11/21/2016,25.5,28.5,33.5,33.5,35,31.5,31,28,27.5
11/22/2016,30.5,32.5,35.5,35.5,37.5,33,33,33.5,31
11/23/2016,35,37.5,42,42,41.5,40.5,41,36.5,33.5
11/24/2016,39,40.5,41,41,40.5,39,39,42,40
11/25/2016,36,37.5,38,38,39,36.5,37.5,44,40
11/26/2016,35.5,37.5,40.5,40.5,41,39.5,40,46.5,36.5
11/27/2016,39.5,41,40.5,40.5,40,38,38.5,40.5,38
11/28/2016,38,40.5,47.5,47.5,47.5,46,46,41,38
11/29/2016,44.5,47,51.5,51.5,52,50.5,50,46.5,46.5
11/30/2016,42,45.5,41.5,41.5,42,39.5,39,42.5,44.5
12/1/2016,34.5,40.5,39.5,39.5,39,38,38.5,38.5,38
12/2/2016,35,40,38,38,38,37,36.5,30,37
12/3/2016,34,36,33,33,34,31.5,31.5,36,35.5
12/4/2016,31.5,34,32.5,32.5,34,30,31.5,27,30.5
12/5/2016,30,32.5,34,34,34.5,32.5,33,29,31
12/6/2016,30.5,34.5,34,34,35.5,33,33,30,29.5
12/7/2016,29,34,27,27,27.5,24.5,25.5,31,31.5
12/8/2016,20.5,22,21.5,21.5,21.5,20.5,20.5,23.5,23.5
12/9/2016,18.5,21.5,23,23,24,21.5,22.5,20,20
12/10/2016,20,23,22.5,22.5,22.5,20.5,20.5,21,20.5
12/11/2016,20.5,23,30,30,29,28,28,23,21.5
12/12/2016,25,28,24,24,25.5,19.5,22,26.5,27.5
12/13/2016,13,18,15,15,16.5,12,13,16.5,18.5
12/14/2016,5.5,11,12.5,12.5,14,11,11.5,10.5,11
12/15/2016,7,10.5,6,6,7.5,3.5,5,9.5,10
12/16/2016,4,7.5,16.5,16.5,16,13.5,13.5,7.5,5
12/17/2016,15.5,18,23,23,23,20,20,17,11
12/18/2016,11,14,7.5,7.5,9.5,5.5,6,11,15
12/19/2016,-4.5,4,5,5,6,1,4,5.5,0
12/20/2016,5.5,9,23,23,23,21,22,5.5,3
12/21/2016,23,26,30,30,M,27.5,27.5,22.5,21.5
12/22/2016,28,31,33,33,35,30.5,31,30,27.5
12/23/2016,28.5,33,33,33,33.5,31,31,30.5,31
12/24/2016,31.5,35,35.5,35.5,35,35.5,35.5,31.5,32
12/25/2016,33.5,36,37.5,37.5,34.5,35.5,36,37.5,32.5
12/26/2016,39.5,44,42.5,42.5,42.5,41,40.5,40,41.5
12/27/2016,34,39,29,29,28.5,23.5,23.5,32,38.5
12/28/2016,21.5,24,34,34,35,32,31.5,26,M
12/29/2016,33,37,33.5,33.5,33.5,32.5,32.5,35,31
12/30/2016,M,30,31,31,31.5,31,31,28.5,29.5
12/31/2016,28.5,30,34.5,34.5,34.5,31.5,32,31.5,M
1/1/2017,M,30,31.5,31.5,32.5,28.5,28,31.5,30
1/2/2017,30.5,31.5,36,36,34,32.5,31,34.5,30
1/3/2017,36,37,31.5,31.5,31,29,29,30,35
1/4/2017,22,24,15.5,15.5,16,13,13,25,25.5
1/5/2017,10,12.5,10,10,10,8,8,11,12.5
1/6/2017,4.5,7.5,5.5,5.5,6.5,4.5,4,5.5,6
1/7/2017,2.5,5.5,10.5,10.5,11.5,9,9.5,6,1.5
1/8/2017,6.5,10,12,12,12.5,10.5,10.5,10,M
1/9/2017,9,13.5,27,27,26,26,25.5,11.5,11.5
1/10/2017,29,31.5,39.5,39.5,39.5,38,38,31,29
1/11/2017,34,37.5,36,36,36.5,34,33,36.5,37.5
1/12/2017,30,32,26.5,26.5,25.5,23.5,22.5,29,37.5
1/13/2017,18,20,23.5,23.5,23.5,21.5,21,27,22.5
1/14/2017,18.5,20,30,30,30.5,28,27,23.5,21.5
1/15/2017,23.5,25.5,28.5,28.5,29.5,28,25.5,28,26
1/16/2017,26.5,26,36,36,34,33.5,32.5,30,26.5
1/17/2017,33.5,34.5,M,36.5,39,37,37,38,40.5
1/18/2017,34,37,34,34,36.5,33,33.5,35,35.5
1/19/2017,32,33.5,37,37,35,36,35,35.5,34
1/20/2017,36,37.5,42,42,37,40.5,38.5,36.5,36.5
1/21/2017,42.5,42.5,50,50,48,49.5,48.5,46.5,42.5
1/22/2017,44.5,48.5,43,43,38,42,41,43,48.5
1/23/2017,M,40.5,41,41,39,39,39,41.5,39
1/24/2017,37,38.5,37.5,37.5,36.5,36,36,37,38
1/25/2017,33.5,36,39.5,39.5,38.5,38,37,M,36
1/26/2017,33,36.5,33.5,33.5,33,32,32,32,37
1/27/2017,27.5,30,28.5,28.5,28.5,27.5,27.5,26,29
1/28/2017,24,25,28,28,27.5,26.5,26,27,25.5
1/29/2017,26,28,26,26,25.5,24.5,24,20.5,26.5
1/30/2017,18,21,28,28,28,26,25.5,20.5,20
1/31/2017,24,28,39.5,39.5,38.5,37,37,26,26.5
2/1/2017,33,35,31,31,31,29.5,29,33.5,36
2/2/2017,24,25.5,20,20,20,19,18.5,21.5,26.5
2/3/2017,M,18.5,22,22,22.5,21,21.5,18,19.5
2/4/2017,M,21.5,25,25,26,21.5,21,24.5,21
2/5/2017,23,25.5,35,35,34.5,31,30,24,23
2/6/2017,27.5,30.5,41,41,42,38,37,32.5,33.5
2/7/2017,38.5,41,43.5,43.5,43,41,39,44.5,39.5
2/8/2017,35,36.5,27,27,27,25.5,24.5,37.5,40
2/9/2017,18.5,20.5,19.5,19.5,20,19,18,21.5,M
2/10/2017,17,20,31,31,31.5,29.5,31,17.5,17.5
2/11/2017,31,34.5,45,45,42,41.5,38.5,31.5,30.5
2/12/2017,39.5,40,40.5,40.5,40,39,39,35,44
2/13/2017,35,36,36,36,37.5,34.5,34.5,34,36
2/14/2017,35,38,42.5,42.5,42,40.5,41,37.5,34
2/15/2017,36,37.5,32,32,32,30.5,30.5,35.5,38
2/16/2017,29.5,31,36.5,36.5,35,35.5,34.5,31.5,31
2/17/2017,33.5,32.5,49.5,49.5,48.5,47,45.5,38,36
2/18/2017,47,51.5,57.5,57.5,53.5,55,52.5,50.5,50
2/19/2017,50,50,52.5,52.5,47.5,52,47,53.5,51
2/20/2017,52,49,57.5,58,48.5,55.5,52.5,55.5,50
2/21/2017,55.5,55.5,59,59,53.5,57.5,56,59,57
2/22/2017,56,56.5,59.5,59.5,59.5,59,56.5,58.5,57.5
2/23/2017,54.5,55.5,48.5,48.5,48,48.5,46.5,58,56.5
2/24/2017,42,43,38.5,38.5,38,36.5,34.5,45,45.5
2/25/2017,27.5,30,28,28.5,28.5,28,26,33.5,41
2/26/2017,23,25.5,36.5,36.5,36.5,35,35,25,25
2/27/2017,35,37,43.5,43.5,40.5,40.5,37.5,39,35
2/28/2017,41,44.5,53,53,49,53.5,51.5,45.5,41.5
3/1/2017,48,48.5,43,43,42.5,43,41,50,53
3/2/2017,32,33.5,31.5,31.5,31,31,29.5,34,41
3/3/2017,24.5,27.5,27,27,27,27,25.5,28,27.5
3/4/2017,24.5,28,35.5,35.5,32,35,32.5,29,28.5
3/5/2017,34.5,35,47,47,46.5,46,44.5,39,34.5
3/6/2017,46,47.5,58,58,57,58.5,57,49,45
3/7/2017,51,53.5,54,54,54.5,54.5,53.5,50,56
3/8/2017,44.5,47,46,46,46,46.5,44.5,46,44.5
3/9/2017,39,40.5,37.5,37.5,38,35.5,34.5,41,40.5
3/10/2017,31,32,30,30,30,29.5,27.5,36,35
3/11/2017,20.5,23.5,24,24,22.5,25,22.5,25,25
3/12/2017,20.5,22.5,28,28,27,27,25,24.5,24
3/13/2017,25,26,30.5,28.5,28,29,28,30,27
3/14/2017,22,26,24.5,24.5,24.5,23.5,22,27.5,24
3/15/2017,18,21,25,25,26.5,24.5,22,21.5,19
3/16/2017,22,24.5,30.5,30.5,32.5,30,28,19,22.5
3/17/2017,30,30,42.5,42.5,41,43,40.5,33,28.5
3/18/2017,40,40.5,40.5,40.5,41,38.5,37.5,42.5,39
3/19/2017,34.5,37,42,42,41.5,41,38.5,37.5,36
3/20/2017,41.5,41.5,47.5,47.5,44,45.5,45,44,40.5
3/21/2017,44,41.5,44,44,40.5,43.5,42,44,44.5
3/22/2017,37.5,41.5,32,32,30.5,32.5,29.5,41,40.5
3/23/2017,29.5,30.5,41.5,41.5,41,39.5,37,33,31.5
3/24/2017,39.5,43,61.5,61.5,58.5,62,60,41.5,40
3/25/2017,58.5,59,44.5,44.5,41.5,44,40.5,61,55
3/26/2017,41,42.5,55,55,51,54.5,52,47,46
3/27/2017,51,49.5,46.5,47,45,47,45.5,57,54.5
3/28/2017,44,42.5,42,42,38,43,40.5,45,M
3/29/2017,41.5,38.5,42.5,42.5,38,42,38.5,42,M
3/30/2017,39,39.5,42.5,42.5,40,42,39.5,45,45
3/31/2017,38,39,39,39,38,40,39.5,43,42
4/1/2017,37.5,36,44.5,44.5,42.5,46.5,44.5,37.5,36
4/2/2017,46,45,51,51,45.5,51.5,50,49,45
4/3/2017,51,51.5,49,49,43.5,50,47.5,53.5,50.5
4/4/2017,47,46,51,51,44.5,49.5,48.5,49,51
4/5/2017,46.5,47,43.5,43.5,40,43.5,42,50,48
4/6/2017,38.5,38.5,45,45,40.5,44.5,42.5,41.5,39.5
4/7/2017,42,41.5,45.5,45.5,43.5,45.5,43,42.5,41.5
4/8/2017,46,42,53.5,53.5,54,52.5,51,47,44
4/9/2017,54,56.5,67,67,66.5,67,65,56,52.5
4/10/2017,66,67,60,60,57.5,59.5,58,66.5,64
4/11/2017,56.5,57.5,48.5,48.5,46.5,47.5,45.5,58,57.5
4/12/2017,42,43,48,48,46,48.5,45,45.5,45
4/13/2017,50,47,53.5,53.5,46.5,52,47.5,52,49
4/14/2017,M,46,57.5,57.5,54,56.5,53,56,56
4/15/2017,53,56.5,72.5,72.5,66,71.5,71,63,61
4/16/2017,68.5,70,65.5,65.5,65.5,62.5,62,71,69
4/17/2017,57.5,57,57,57,53,56.5,54,59.5,59
4/18/2017,56,53.5,60.5,60.5,59.5,58.5,57.5,57,57.5
4/19/2017,60.5,63,58,58,56,57.5,56,64,59.5
4/20/2017,54,54,62.5,62,59.5,60.5,58.5,57,59
4/21/2017,54,56.5,48.5,48.5,47.5,48.5,47,59.5,59
4/22/2017,46,47,51,51,47,49,48.5,48.5,M
4/23/2017,47,44.5,54,54,51.5,54.5,51.5,49,46.5
4/24/2017,54,53.5,57,57,51,56.5,54,57,52
4/25/2017,58.5,56.5,68.5,68.5,59.5,65.5,62.5,63,58.5
4/26/2017,68,M,69,69.5,65.5,67,66.5,68,67
4/27/2017,59,62.5,52,52.5,52,51.5,52,63.5,67
4/28/2017,41.5,M,50.5,50.5,47,50,47.5,43,49
4/29/2017,50,49.5,44,44,42.5,43,41.5,52,51
4/30/2017,41,41.5,48,48,47.5,44.5,43,42.5,43
5/1/2017,44.5,45.5,51.5,51.5,50.5,51,50,48.5,51.5
5/2/2017,47,50,46.5,46.5,45.5,46,45,49,49.5
5/3/2017,42.5,43,47,47,47,45.5,45,47,38.5
5/4/2017,48,48.5,49,49,47,48.5,46.5,51,46.5
5/5/2017,48,47.5,50.5,50.5,46,51,49.5,49,45.5
5/6/2017,51,48.5,50.5,50.5,47,51,48,51,49.5
5/7/2017,46.5,45.5,48,48,45,47.5,44.5,45,46.5
5/8/2017,45.5,44.5,47,47,43,45.5,43,45,46
5/9/2017,48,46,51.5,51.5,46,51.5,49.5,52.5,48
5/10/2017,49.5,50,57.5,57.5,51.5,55.5,53.5,53.5,50
5/11/2017,58,53.5,56,56,51.5,57,55,64,59
5/12/2017,54,52.5,59,59,53,59,58.5,54,53.5
5/13/2017,59,55.5,64.5,64.5,64.5,64.5,62,64.5,58
5/14/2017,64,64,62,62,52.5,61,56.5,66,62.5
5/15/2017,59.5,53,68,68,58.5,66,62,63.5,62
5/16/2017,69.5,65.5,78,78,72,74,73,72,68.5
5/17/2017,75.5,79,75.5,75.5,73.5,73,72.5,78,76
5/18/2017,71.5,73,65,65,62.5,63,61,75,73.5
5/19/2017,57,59.5,47,47,46,46.5,44.5,62,62.5
5/20/2017,56,45.5,59,59,53.5,56,54,46,46.5
5/21/2017,54,55.5,59,59,59,58,57,59.5,59.5
5/22/2017,53,57,62,62,62,60.5,60,56,55.5
5/23/2017,60.5,64.5,61,61,58,58.5,57.5,64.5,61.5
5/24/2017,56,57,56.5,56.5,52,57.5,56,60,59.5
5/25/2017,56,54.5,62,62,57,60.5,59,57.5,55
5/26/2017,60,57.5,61.5,61.5,57.5,61.5,57.5,60.5,58
5/27/2017,60.5,58,65.5,65.5,56.5,65,62,66,63.5
5/28/2017,65,62.5,68,68,64,66.5,65,65.5,66
5/29/2017,64,65.5,69.5,69.5,67,66,63.5,68,66.5
5/30/2017,62.5,64.5,65,65,64.5,64,63.5,66,65.5
5/31/2017,60,62.5,64,64,65,63,62.5,63,62.5
6/1/2017,60.5,60.5,67,67,60.5,66,63,61.5,62.5
6/2/2017,65,61,71.5,71.5,66.5,69.5,67,68,67
6/3/2017,71,68.5,74.5,74.5,72.5,70.5,67,76,70.5
6/4/2017,75,74,80.5,80.5,76.5,79,76.5,80,74
6/5/2017,73.5,73.5,68.5,68.5,64,67,64,75.5,74.5
6/6/2017,60.5,58.5,65,65,60.5,65,62,65,65.5
6/7/2017,62,59.5,67,67,61.5,66.5,63,63,63
6/8/2017,62,61,70,70,65,68,66,66,62
6/9/2017,70,72,77.5,77.5,71.5,76,73,74,66.5
6/10/2017,73,74.5,79.5,79.5,74.5,77,75,80.5,76
6/11/2017,76,80.5,82.5,82.5,82,83,82,80.5,75.5
6/12/2017,79.5,83.5,84.5,84.5,79,84,83.5,82,79.5
6/13/2017,77.5,80,80,80,69.5,78,73,83,81.5
6/14/2017,76.5,71,79,79,76.5,80,78,82.5,80.5
6/15/2017,77,78,80.5,80.5,76.5,79.5,78,82,78.5
6/16/2017,75,78,76.5,76.5,76,76.5,76,74,77.5
6/17/2017,72,76.5,80.5,80.5,75.5,78,77.5,73.5,75
6/18/2017,74.5,78,75,75,74,74,73,80,77
6/19/2017,67.5,70.5,70,70,70,71,68.5,70,70
6/20/2017,65,66.5,69.5,69.5,68.5,69,67.5,70,68.5
6/21/2017,64.5,66.5,68,68,64.5,67.5,64.5,70,69.5
6/22/2017,69.5,69.5,81.5,81,76,78,76.5,73.5,69.5
6/23/2017,74.5,77,75,75,71,74.5,73,80,76.5
6/24/2017,67.5,71.5,68.5,68.5,69,67,66.5,60,73
6/25/2017,61.5,63,64.5,64.5,64.5,63,63,62.5,64.5
6/26/2017,60,62,64.5,64.5,65,64.5,62.5,64,62.5
6/27/2017,60.5,60,65.5,66,63.5,64,63,63.5,61
6/28/2017,64.5,65,73,73,71.5,69,66.5,68,64.5
6/29/2017,67,70.5,75.5,75.5,73,73.5,73,72.5,70.5
6/30/2017,70.5,74,75,75,72,74,74,M,73
7/1/2017,71,74,75.5,75.5,75,74,74,74,75
7/2/2017,67.5,71,75.5,75.5,77,75.5,74.5,72.5,70.5
7/3/2017,74,75.5,75.5,75.5,69.5,73,70,77,73.5
7/4/2017,68.5,69,76,76,71,73.5,70.5,75,75
7/5/2017,71.5,69.5,79,79,72.5,77,74.5,78,75.5
7/6/2017,75,76.5,82,82,81,81,79.5,80.5,76.5
7/7/2017,78,82,77.5,77.5,75,76,73,86,80
7/8/2017,70.5,71.5,71,71,68.5,71,67.5,75,73
7/9/2017,72,66.5,74,74,75.5,74.5,71,71.5,67
7/10/2017,72.5,75,76.5,76.5,75,75.5,74,77,73
7/11/2017,72.5,75,79,79,75,77.5,75,81,74.5
7/12/2017,73,75.5,74.5,74.5,73.5,74.5,73,M,77
7/13/2017,70.5,73.5,78,78,78.5,77.5,76.5,75,76
7/14/2017,70,73.5,69.5,69.5,69.5,68,67,76,74
7/15/2017,62,65.5,72,72,72.5,70.5,70,69,67.5
7/16/2017,67.5,73,73,73,70.5,69,68.5,69.5,70.5
7/17/2017,65.5,63.5,68.5,68.5,67.5,67.5,65.5,67.5,66
7/18/2017,65.5,65,M,76.5,73,74.5,74,70,68
7/19/2017,73.5,74.5,80,80,75,79,75,79,74
7/20/2017,75.5,75,79.5,79.5,77.5,78.5,78,80.5,79.5
7/21/2017,75,77.5,81,81,76.5,80.5,80,80,78.5
7/22/2017,76.5,79,79.5,79.5,74.5,80,78,83.5,79
7/23/2017,76,76.5,81,81,76.5,80,78.5,80.5,77
7/24/2017,74,77,71.5,71.5,69.5,70,67,M,78.5
7/25/2017,65,66.5,74,74,72,71.5,70.5,76.5,66.5
7/26/2017,71,72,76.5,76.5,76.5,75,76,71.5,71
7/27/2017,75,79,77,77,74,76,74.5,79,74
7/28/2017,71,72.5,74.5,74.5,72.5,73,71,77.5,74
7/29/2017,68,69.5,71.5,71.5,71,71.5,69,72,70
7/30/2017,M,68,74,74,73,73,71,72,68
7/31/2017,70.5,70.5,77,77,74.5,75.5,74.5,M,71
8/1/2017,72,74,78.5,78.5,74,76.5,74.5,75.5,73.5
8/2/2017,73,74.5,77.5,77.5,76,76.5,75.5,76,75
8/3/2017,73.5,76,74.5,74.5,74.5,72.5,72.5,79,75
8/4/2017,66.5,69,62,62,62,62,61,71,69
8/5/2017,59,61.5,69,69,69.5,70,69.5,61.5,59.5
8/6/2017,67.5,69.5,71.5,71.5,72.5,70,69,72,68
8/7/2017,66,68,68.5,68.5,69.5,68.5,65.5,70,67.5
8/8/2017,63.5,65,71.5,71.5,71,71,68.5,67.5,64
8/9/2017,69,70,73.5,74,73.5,72,70,74,68
8/10/2017,69,69.5,75,75,75.5,73,72.5,74,70.5
8/11/2017,71,74,73,73,73,71.5,69.5,71,71
8/12/2017,64,68,68.5,68.5,69.5,68.5,66,M,70
8/13/2017,64,64,68,68,69.5,68.5,66,67.5,65.5
8/14/2017,66,68,74.5,74.5,72.5,72.5,72,70,67
8/15/2017,69.5,74,76,76,74.5,76,73,75.5,71.5
8/16/2017,71,71.5,M,81,75,77.5,73.5,77.5,75.5
8/17/2017,75,75.5,78.5,78.5,77,77,75.5,79,76.5
8/18/2017,70.5,74,75,75,75.5,74.5,73.5,74.5,74
8/19/2017,68.5,71.5,73,73,72,74.5,72,73.5,71
8/20/2017,70,69.5,78,78,76,76.5,74.5,73.5,73
8/21/2017,74,77,79.5,79.5,77.5,79,78,79.5,75
8/22/2017,74,77.5,72.5,72.5,74.5,73,72,79.5,76.5
8/23/2017,65.5,69,69,69,68.5,69.5,67.5,70,68.5
8/24/2017,64.5,66.5,67.5,67.5,67.5,65.5,65.5,65.5,67
8/25/2017,59,62.5,63,63,64.5,63,63,67.5,63
8/26/2017,62,64,68.5,68.5,67.5,67,67,M,62
8/27/2017,65,67.5,71.5,71.5,70,70,69.5,70.5,64.5
8/28/2017,66.5,70,72,72,70,72,71.5,72,68
8/29/2017,67.5,69.5,69.5,69.5,69.5,68.5,67.5,71.5,68
8/30/2017,63.5,65.5,71,71,70,71,70.5,70,69
8/31/2017,67.5,70,70,70,68,68.5,68,73,62.5
9/1/2017,60.5,64.5,63.5,63.5,62.5,59.5,60,66,M
9/2/2017,55.5,58,62,62,65.5,62.5,62,63,57.5
9/3/2017,61,62.5,70.5,70.5,70.5,70.5,70,63.5,59
9/4/2017,69,71,74.5,74.5,74,72,73,67.5,67.5
9/5/2017,64.5,68,63.5,63.5,63,62,62,64,69.5
9/6/2017,55.5,58.5,58.5,58.5,59,58,58,60.5,59.5
9/7/2017,55.5,58,61.5,61.5,62.5,61.5,61,59,57.5
9/8/2017,59,59.5,65.5,65.5,63.5,63.5,60.5,62,59
9/9/2017,57,61,64,64,63,63,61,65,64.5
9/10/2017,56.5,58,61.5,61.5,60.5,60,58,62.5,61
9/11/2017,56.5,58,64.5,65,63,63.5,61,62.5,59.5
9/12/2017,59.5,61,69.5,67.5,68,65.5,63,65,61.5
9/13/2017,62,64,70,70,67,67.5,66,72.5,64
9/14/2017,64,66,69.5,70,67.5,70,70,72,61.5
9/15/2017,68,69,76,76,71.5,74.5,74.5,73.5,66.5
9/16/2017,72,76,77.5,78,77,76.5,76.5,78,73
9/17/2017,74,76.5,77,77,74,74.5,73.5,72,74.5
9/18/2017,67.5,70,67.5,68,67.5,67.5,64.5,72,73
9/19/2017,63.5,65,72,72,69,71.5,69.5,72.5,67.5
9/20/2017,68,67,79,79,78.5,77,77,74,71
9/21/2017,76,78.5,84.5,84.5,81,83,82.5,76,76.5
9/22/2017,77.5,80.5,85,85,81,82.5,82.5,85,81
9/23/2017,78,80.5,85,85,76.5,83.5,81.5,84.5,81.5
9/24/2017,78,79.5,82.5,82.5,75.5,81.5,78.5,82.5,81.5
9/25/2017,75.5,76,81.5,81.5,75,79.5,77.5,80.5,79.5
9/26/2017,76.5,78,82.5,82.5,81,81,80,82,79
9/27/2017,73,76,65.5,65.5,66,64,63,79.5,78
9/28/2017,M,60.5,63.5,63.5,63,63.5,62,63,62.5
9/29/2017,57.5,62,65,65,64.5,63,62,65,61.5
9/30/2017,56,62,61.5,61.5,60.5,60.5,58,62.5,62
10/1/2017,55,55.5,62,62,61.5,60,58,60,58.5
10/2/2017,58.5,61.5,72.5,72.5,72,70.5,71,61,58
10/3/2017,71,72.5,73,73,72,72.5,73.5,70,70.5
10/4/2017,71,73.5,67,67,67.5,67,67.5,72,69.5
10/5/2017,61,61,66,66,64,65.5,63.5,63,66
10/6/2017,61.5,60.5,67,67,65,64.5,64,66,67
10/7/2017,62,64,70.5,70.5,70.5,69.5,70.5,66,67
10/8/2017,62.5,66.5,68,68,65,66,65.5,66.5,67
10/9/2017,62.5,63.5,68.5,68.5,67,66.5,66.5,67,64.5
10/10/2017,64,67,66.5,62,60.5,60.5,60.5,67.5,66
10/11/2017,56.5,59,60,60,59.5,59,58.5,64,62.5
10/12/2017,54.5,57,58.5,58.5,58,58,58,58,57.5
10/13/2017,54.5,56,64,64,64,64,64,56.5,56
10/14/2017,60,63.5,65,65,62,64,64.5,64,62
10/15/2017,59,64,58,58,58,57.5,57,58.5,63.5
10/16/2017,46,49,53,53,54.5,53,53.5,52,52.5
10/17/2017,50,53.5,60,59.5,60,59.5,59.5,53.5,51
10/18/2017,56.5,59,60.5,60.5,60.5,59,60,59,57
10/19/2017,57.5,58.5,61,61,59.5,60.5,59,60,58
10/20/2017,57,56,67,67,68.5,64.5,63.5,57,59.5
10/21/2017,63,66,70,70,70,68.5,69.5,67,66
10/22/2017,66.5,69,62,62,61.5,60.5,61,70,66.5
10/23/2017,56.5,59.5,52,52,52,52,52.5,60.5,60
10/24/2017,48,50,46,46,47,46,46.5,48,48.5
10/25/2017,39.5,41,46,46,46.5,45.5,45.5,40.5,41.5
10/26/2017,42,43.5,50,50,50.5,48,47.5,43,43.5
10/27/2017,46.5,48.5,45.5,45.5,46.5,45,45.5,48.5,47.5
10/28/2017,36.5,38,38,38,39,38,38.5,38.5,42
10/29/2017,34.5,37,39.5,39.5,41,39.5,40.5,36,36
10/30/2017,37.5,40,44.5,44.5,43.5,43.5,44,40,38
10/31/2017,38.5,42,38,38,37.5,37,38,43,42
11/1/2017,35,38.5,41,41,41,40,40.5,38,36
11/2/2017,39,42.5,48.5,48.5,48,47.5,48,42,40
11/3/2017,41,44.5,45,45,45,43,42.5,45,48.5
11/4/2017,40,43,47,47,47.5,46,47.5,47,41.5
11/5/2017,44.5,46.5,48.5,48.5,48.5,47,46.5,47,45
11/6/2017,38.5,41,38.5,38.5,40,37.5,37,42.5,47
11/7/2017,35.5,38,40.5,40.5,43,38.5,37.5,37.5,38.5
11/8/2017,34,35,38,38,41.5,37.5,36.5,37.5,37.5
11/9/2017,36,38,34.5,34.5,35,33.5,33,39,36.5
11/10/2017,28.5,31.5,25.5,25.5,27,24,23.5,32.5,32.5
11/11/2017,21,24,32.5,32.5,32.5,32,32,27.5,25
11/12/2017,30.5,32,39.5,39.5,40,38,38,34,30
11/13/2017,32,33.5,37,37,38.5,35.5,35,35,34.5
11/14/2017,33,35.5,41.5,41.5,41.5,39.5,38.5,36,35.5
11/15/2017,40,43.5,43,43,43,43.5,43.5,40,40.5
11/16/2017,39.5,41.5,35.5,35.5,36.5,35.5,36,40,39
11/17/2017,33,36,42,42,41,41.5,41.5,36,33
11/18/2017,38.5,41.5,42,42,41.5,41.5,41,36.5,40
11/19/2017,32.5,35,34,34,34.5,33.5,33.5,36.5,39
11/20/2017,29.5,33.5,42.5,42.5,42.5,41,42,32,31
11/21/2017,39.5,44.5,36.5,36.5,37,35.5,35.5,44.5,41.5
11/22/2017,29,32,29,29,31,28.5,28,32.5,32.5
11/23/2017,M,29.5,40,40,39.5,39,37.5,34.5,27
11/24/2017,31.5,38.5,48,48,48.5,47.5,46.5,34.5,39
11/25/2017,48.5,48,45.5,45.5,46,43.5,43.5,51,45.5
11/26/2017,35.5,37,38.5,38.5,40.5,38,38,37.5,39
11/27/2017,37,39.5,46.5,46.5,48,44,43,37.5,37.5
11/28/2017,43.5,46,54,54,54,52,52,48,45
11/29/2017,43,45.5,41.5,41.5,42.5,40.5,38.5,41,47
11/30/2017,38.5,40,47,47,48,46.5,44,42,40
12/1/2017,38.5,39.5,42,42,45.5,40.5,39,36,41
12/2/2017,39.5,43,44.5,44.5,46.5,43.5,44,40,39.5
12/3/2017,39,41.5,44.5,44.5,48,43.5,41.5,M,42.5
12/4/2017,42,44,55.5,55.5,55.5,54.5,55.5,45.5,42.5
12/5/2017,44.5,47,37,37,38,35.5,36.5,47.5,47.5
12/6/2017,28,30,31,31,31,30.5,31.5,31,29
12/7/2017,23.5,26.5,24,24,24.5,24,24.5,26.5,28
12/8/2017,21,22.5,27.5,27.5,28,27.5,28.5,21.5,20.5
12/9/2017,26,M,26,26,27,26,25.5,27.5,25
12/10/2017,21,24,28,28,27.5,27.5,26.5,26,22
12/11/2017,23.5,25.5,33,33,33,31,29,28.5,27.5
12/12/2017,24.5,25.5,25,25,25.5,24,24,30,28.5
12/13/2017,20.5,21.5,30,30,29.5,30,30,21,19.5
12/14/2017,23.5,25.5,24,24,25.5,21.5,21,27.5,27.5
12/15/2017,23.5,21.5,29.5,29.5,30.5,29,30.5,21.5,22
12/16/2017,29,31,41,41,40.5,36.5,37,30.5,28.5
12/17/2017,35,36,39.5,39.5,39.5,35.5,36,38,37.5
12/18/2017,36,38,43,43,43.5,42.5,42,40,37.5
12/19/2017,38.5,42,44,44,43.5,42.5,42.5,41,40
12/20/2017,36,37.5,33.5,33.5,34,32,31,40,39.5
12/21/2017,28,32,37.5,37.5,35.5,36,36.5,34,M
12/22/2017,35,37.5,38,38,36,36,36,36,34
12/23/2017,28.5,31,28,28,28,26,26,36,35
12/24/2017,20.5,24.5,21.5,21.5,23,20,20.5,33,27
12/25/2017,M,18,13,13,14,11.5,12,23,17.5
12/26/2017,5.5,M,3,3,3.5,1,2,8.5,6.5
12/27/2017,-3,1.5,2.5,2.5,5,1.5,2,1.5,0.5
12/28/2017,-1.5,2.5,8,8,9.5,7.5,8,2.5,0.5
12/29/2017,7,11,13,13,13,12,12.5,8.5,6.5
12/30/2017,6.5,6,7.5,7.5,8.5,7,7,11.5,10.5
12/31/2017,2.5,2.5,7.5,7.5,8.5,6,6.5,4,4
